# ************************************************************
# Sequel Pro SQL dump
# Version 4541
#
# http://www.sequelpro.com/
# https://github.com/sequelpro/sequelpro
#
# Host: 127.0.0.1 (MySQL 5.7.23)
# Datenbank: reporter
# Erstellt am: 2019-04-23 13:59:56 +0000
# ************************************************************


/*!40101 SET @OLD_CHARACTER_SET_CLIENT=@@CHARACTER_SET_CLIENT */;
/*!40101 SET @OLD_CHARACTER_SET_RESULTS=@@CHARACTER_SET_RESULTS */;
/*!40101 SET @OLD_COLLATION_CONNECTION=@@COLLATION_CONNECTION */;
/*!40101 SET NAMES utf8 */;
/*!40014 SET @OLD_FOREIGN_KEY_CHECKS=@@FOREIGN_KEY_CHECKS, FOREIGN_KEY_CHECKS=0 */;
/*!40101 SET @OLD_SQL_MODE=@@SQL_MODE, SQL_MODE='NO_AUTO_VALUE_ON_ZERO' */;
/*!40111 SET @OLD_SQL_NOTES=@@SQL_NOTES, SQL_NOTES=0 */;


# Export von Tabelle dates
# ------------------------------------------------------------

DROP TABLE IF EXISTS `dates`;

CREATE TABLE `dates` (
  `IDdates` int(10) unsigned NOT NULL AUTO_INCREMENT,
  `date` date NOT NULL,
  PRIMARY KEY (`IDdates`),
  UNIQUE KEY `dates_date_unique` (`date`)
) ENGINE=InnoDB DEFAULT CHARSET=utf8mb4 COLLATE=utf8mb4_unicode_ci;

LOCK TABLES `dates` WRITE;
/*!40000 ALTER TABLE `dates` DISABLE KEYS */;

INSERT INTO `dates` (`IDdates`, `date`)
VALUES
	(1,'2017-08-01'),
	(2,'2017-08-02'),
	(3,'2017-08-03'),
	(4,'2017-08-04'),
	(5,'2017-08-05'),
	(6,'2017-08-06'),
	(7,'2017-08-07'),
	(8,'2017-08-08'),
	(9,'2017-08-09'),
	(10,'2017-08-10'),
	(11,'2017-08-11'),
	(12,'2017-08-12'),
	(13,'2017-08-13'),
	(14,'2017-08-14'),
	(15,'2017-08-15'),
	(16,'2017-08-16'),
	(17,'2017-08-17'),
	(18,'2017-08-18'),
	(19,'2017-08-19'),
	(20,'2017-08-20'),
	(21,'2017-08-21'),
	(22,'2017-08-22'),
	(23,'2017-08-23'),
	(24,'2017-08-24'),
	(25,'2017-08-25'),
	(26,'2017-08-26'),
	(27,'2017-08-27'),
	(28,'2017-08-28'),
	(29,'2017-08-29'),
	(30,'2017-08-30'),
	(31,'2017-08-31'),
	(32,'2017-09-01'),
	(33,'2017-09-02'),
	(34,'2017-09-03'),
	(35,'2017-09-04'),
	(36,'2017-09-05'),
	(37,'2017-09-06'),
	(38,'2017-09-07'),
	(39,'2017-09-08'),
	(40,'2017-09-09'),
	(41,'2017-09-10'),
	(42,'2017-09-11'),
	(43,'2017-09-12'),
	(44,'2017-09-13'),
	(45,'2017-09-14'),
	(46,'2017-09-15'),
	(47,'2017-09-16'),
	(48,'2017-09-17'),
	(49,'2017-09-18'),
	(50,'2017-09-19'),
	(51,'2017-09-20'),
	(52,'2017-09-21'),
	(53,'2017-09-22'),
	(54,'2017-09-23'),
	(55,'2017-09-24'),
	(56,'2017-09-25'),
	(57,'2017-09-26'),
	(58,'2017-09-27'),
	(59,'2017-09-28'),
	(60,'2017-09-29'),
	(61,'2017-09-30'),
	(62,'2017-10-01'),
	(63,'2017-10-02'),
	(64,'2017-10-03'),
	(65,'2017-10-04'),
	(66,'2017-10-05'),
	(67,'2017-10-06'),
	(68,'2017-10-07'),
	(69,'2017-10-08'),
	(70,'2017-10-09'),
	(71,'2017-10-10'),
	(72,'2017-10-11'),
	(73,'2017-10-12'),
	(74,'2017-10-13'),
	(75,'2017-10-14'),
	(76,'2017-10-15'),
	(77,'2017-10-16'),
	(78,'2017-10-17'),
	(79,'2017-10-18'),
	(80,'2017-10-19'),
	(81,'2017-10-20'),
	(82,'2017-10-21'),
	(83,'2017-10-22'),
	(84,'2017-10-23'),
	(85,'2017-10-24'),
	(86,'2017-10-25'),
	(87,'2017-10-26'),
	(88,'2017-10-27'),
	(89,'2017-10-28'),
	(90,'2017-10-29'),
	(91,'2017-10-30'),
	(92,'2017-10-31'),
	(93,'2017-11-01'),
	(94,'2017-11-02'),
	(95,'2017-11-03'),
	(96,'2017-11-04'),
	(97,'2017-11-05'),
	(98,'2017-11-06'),
	(99,'2017-11-07'),
	(100,'2017-11-08'),
	(101,'2017-11-09'),
	(102,'2017-11-10'),
	(103,'2017-11-11'),
	(104,'2017-11-12'),
	(105,'2017-11-13'),
	(106,'2017-11-14'),
	(107,'2017-11-15'),
	(108,'2017-11-16'),
	(109,'2017-11-17'),
	(110,'2017-11-18'),
	(111,'2017-11-19'),
	(112,'2017-11-20'),
	(113,'2017-11-21'),
	(114,'2017-11-22'),
	(115,'2017-11-23'),
	(116,'2017-11-24'),
	(117,'2017-11-25'),
	(118,'2017-11-26'),
	(119,'2017-11-27'),
	(120,'2017-11-28'),
	(121,'2017-11-29'),
	(122,'2017-11-30'),
	(123,'2017-12-01'),
	(124,'2017-12-02'),
	(125,'2017-12-03'),
	(126,'2017-12-04'),
	(127,'2017-12-05'),
	(128,'2017-12-06'),
	(129,'2017-12-07'),
	(130,'2017-12-08'),
	(131,'2017-12-09'),
	(132,'2017-12-10'),
	(133,'2017-12-11'),
	(134,'2017-12-12'),
	(135,'2017-12-13'),
	(136,'2017-12-14'),
	(137,'2017-12-15'),
	(138,'2017-12-16'),
	(139,'2017-12-17'),
	(144,'2017-12-18'),
	(145,'2017-12-19'),
	(146,'2017-12-20'),
	(147,'2017-12-21'),
	(148,'2017-12-22'),
	(149,'2017-12-23'),
	(150,'2017-12-24'),
	(151,'2017-12-25'),
	(152,'2017-12-26'),
	(153,'2017-12-27'),
	(154,'2017-12-28'),
	(155,'2017-12-29'),
	(156,'2017-12-30'),
	(157,'2017-12-31'),
	(158,'2018-01-01'),
	(159,'2018-01-02'),
	(160,'2018-01-03'),
	(161,'2018-01-04'),
	(162,'2018-01-05'),
	(163,'2018-01-06'),
	(164,'2018-01-07'),
	(165,'2018-01-08'),
	(166,'2018-01-09'),
	(167,'2018-01-10'),
	(168,'2018-01-11'),
	(169,'2018-01-12'),
	(170,'2018-01-13'),
	(171,'2018-01-14'),
	(172,'2018-01-15'),
	(173,'2018-01-16'),
	(174,'2018-01-17'),
	(175,'2018-01-18'),
	(176,'2018-01-19'),
	(177,'2018-01-20'),
	(178,'2018-01-21'),
	(179,'2018-01-22'),
	(180,'2018-01-23'),
	(181,'2018-01-24'),
	(182,'2018-01-25'),
	(183,'2018-01-26'),
	(184,'2018-01-27'),
	(185,'2018-01-28'),
	(186,'2018-01-29'),
	(187,'2018-01-30'),
	(188,'2018-01-31'),
	(189,'2018-02-01'),
	(190,'2018-02-02'),
	(191,'2018-02-03'),
	(192,'2018-02-04'),
	(193,'2018-02-05'),
	(194,'2018-02-06'),
	(195,'2018-02-07'),
	(196,'2018-02-08'),
	(197,'2018-02-09'),
	(198,'2018-02-10'),
	(199,'2018-02-11'),
	(200,'2018-02-12'),
	(201,'2018-02-13'),
	(202,'2018-02-14'),
	(203,'2018-02-15'),
	(204,'2018-02-16'),
	(205,'2018-02-17'),
	(206,'2018-02-18'),
	(207,'2018-02-19'),
	(208,'2018-02-20'),
	(209,'2018-02-21'),
	(210,'2018-02-22'),
	(211,'2018-02-23'),
	(212,'2018-02-24'),
	(213,'2018-02-25'),
	(214,'2018-02-26'),
	(215,'2018-02-27'),
	(216,'2018-02-28'),
	(217,'2018-03-01'),
	(218,'2018-03-02'),
	(219,'2018-03-03'),
	(220,'2018-03-04'),
	(221,'2018-03-05'),
	(222,'2018-03-06'),
	(223,'2018-03-07'),
	(224,'2018-03-08'),
	(225,'2018-03-09'),
	(226,'2018-03-10'),
	(227,'2018-03-11'),
	(228,'2018-03-12'),
	(229,'2018-03-13'),
	(230,'2018-03-14'),
	(231,'2018-03-15'),
	(143,'2018-03-16'),
	(232,'2018-03-17'),
	(233,'2018-03-18'),
	(234,'2018-03-19'),
	(235,'2018-03-20'),
	(236,'2018-03-21'),
	(237,'2018-03-22'),
	(238,'2018-03-23'),
	(239,'2018-03-24'),
	(240,'2018-03-25'),
	(241,'2018-03-26'),
	(242,'2018-03-27'),
	(243,'2018-03-28'),
	(244,'2018-03-29'),
	(245,'2018-03-30'),
	(246,'2018-03-31'),
	(247,'2018-04-01'),
	(248,'2018-04-02'),
	(249,'2018-04-03'),
	(250,'2018-04-04'),
	(251,'2018-04-05'),
	(252,'2018-04-06'),
	(253,'2018-04-07'),
	(254,'2018-04-08'),
	(255,'2018-04-09'),
	(256,'2018-04-10'),
	(257,'2018-04-11'),
	(258,'2018-04-12'),
	(259,'2018-04-13'),
	(260,'2018-04-14'),
	(261,'2018-04-15'),
	(262,'2018-04-16'),
	(263,'2018-04-17'),
	(264,'2018-04-18'),
	(265,'2018-04-19'),
	(266,'2018-04-20'),
	(267,'2018-04-21'),
	(268,'2018-04-22'),
	(269,'2018-04-23'),
	(270,'2018-04-24'),
	(271,'2018-04-25'),
	(272,'2018-04-26'),
	(273,'2018-04-27'),
	(274,'2018-04-28'),
	(275,'2018-04-29'),
	(276,'2018-04-30'),
	(277,'2018-05-01'),
	(278,'2018-05-02'),
	(279,'2018-05-03'),
	(280,'2018-05-04'),
	(281,'2018-05-05'),
	(282,'2018-05-06'),
	(283,'2018-05-07'),
	(284,'2018-05-08'),
	(285,'2018-05-09'),
	(286,'2018-05-10'),
	(287,'2018-05-11'),
	(288,'2018-05-12'),
	(289,'2018-05-13'),
	(290,'2018-05-14'),
	(291,'2018-05-15'),
	(292,'2018-05-16'),
	(293,'2018-05-17'),
	(294,'2018-05-18'),
	(295,'2018-05-19'),
	(296,'2018-05-20'),
	(297,'2018-05-21'),
	(298,'2018-05-22'),
	(299,'2018-05-23'),
	(300,'2018-05-24'),
	(301,'2018-05-25'),
	(302,'2018-05-26'),
	(303,'2018-05-27'),
	(304,'2018-05-28'),
	(305,'2018-05-29'),
	(306,'2018-05-30'),
	(307,'2018-05-31'),
	(308,'2018-06-01'),
	(309,'2018-06-02'),
	(310,'2018-06-03'),
	(311,'2018-06-04'),
	(312,'2018-06-05'),
	(313,'2018-06-06'),
	(314,'2018-06-07'),
	(315,'2018-06-08'),
	(316,'2018-06-09'),
	(317,'2018-06-10'),
	(318,'2018-06-11'),
	(319,'2018-06-12'),
	(320,'2018-06-13'),
	(321,'2018-06-14'),
	(322,'2018-06-15'),
	(323,'2018-06-16'),
	(324,'2018-06-17'),
	(325,'2018-06-18'),
	(326,'2018-06-19'),
	(327,'2018-06-20'),
	(328,'2018-06-21'),
	(329,'2018-06-22'),
	(330,'2018-06-25'),
	(331,'2018-06-26'),
	(332,'2018-06-27'),
	(333,'2018-06-28'),
	(334,'2018-06-29'),
	(335,'2018-06-30'),
	(336,'2018-07-01'),
	(337,'2018-07-02'),
	(338,'2018-07-03'),
	(339,'2018-07-04'),
	(340,'2018-07-05'),
	(341,'2018-07-06'),
	(342,'2018-07-07'),
	(343,'2018-07-08'),
	(344,'2018-07-09'),
	(345,'2018-07-10'),
	(346,'2018-07-11'),
	(347,'2018-07-12'),
	(348,'2018-07-13'),
	(349,'2018-07-14'),
	(350,'2018-07-15'),
	(351,'2018-07-16'),
	(352,'2018-07-17'),
	(353,'2018-07-18'),
	(354,'2018-07-19'),
	(355,'2018-07-20'),
	(356,'2018-07-21'),
	(357,'2018-07-22'),
	(358,'2018-07-23'),
	(359,'2018-07-24'),
	(360,'2018-07-25'),
	(361,'2018-07-26'),
	(362,'2018-07-27'),
	(363,'2018-07-28'),
	(364,'2018-07-29'),
	(365,'2018-07-30'),
	(366,'2018-07-31'),
	(367,'2018-08-01'),
	(368,'2018-08-02'),
	(369,'2018-08-03'),
	(370,'2018-08-04'),
	(371,'2018-08-05'),
	(372,'2018-08-06'),
	(373,'2018-08-07'),
	(374,'2018-08-08'),
	(375,'2018-08-09'),
	(376,'2018-08-10'),
	(377,'2018-08-11'),
	(378,'2018-08-12'),
	(140,'2018-09-10'),
	(141,'2018-09-11'),
	(142,'2018-09-12');

/*!40000 ALTER TABLE `dates` ENABLE KEYS */;
UNLOCK TABLES;


# Export von Tabelle days_to_tasks
# ------------------------------------------------------------

DROP TABLE IF EXISTS `days_to_tasks`;

CREATE TABLE `days_to_tasks` (
  `IDdaysToTaks` int(10) unsigned NOT NULL AUTO_INCREMENT,
  `oneDay` int(10) unsigned NOT NULL,
  `task` int(10) unsigned NOT NULL,
  PRIMARY KEY (`IDdaysToTaks`),
  KEY `days_to_tasks_oneday_foreign` (`oneDay`),
  KEY `days_to_tasks_task_foreign` (`task`),
  CONSTRAINT `days_to_tasks_oneday_foreign` FOREIGN KEY (`oneDay`) REFERENCES `one_days` (`IDoneDay`),
  CONSTRAINT `days_to_tasks_task_foreign` FOREIGN KEY (`task`) REFERENCES `tasks` (`IDtasks`)
) ENGINE=InnoDB DEFAULT CHARSET=utf8mb4 COLLATE=utf8mb4_unicode_ci;

LOCK TABLES `days_to_tasks` WRITE;
/*!40000 ALTER TABLE `days_to_tasks` DISABLE KEYS */;

INSERT INTO `days_to_tasks` (`IDdaysToTaks`, `oneDay`, `task`)
VALUES
	(1101,195,79),
	(1104,195,133),
	(1123,196,53),
	(1609,195,20),
	(2065,196,130),
	(2066,196,20),
	(2069,2,61),
	(2070,2,44),
	(2071,2,14),
	(2072,2,157),
	(2077,4,96),
	(2078,4,55),
	(2079,5,60),
	(2080,5,48),
	(2081,5,25),
	(2082,5,27),
	(2083,6,54),
	(2084,6,69),
	(2085,6,129),
	(2086,7,151),
	(2087,7,29),
	(2088,9,13),
	(2089,9,114),
	(2090,9,106),
	(2091,10,114),
	(2092,10,139),
	(2093,10,139),
	(2094,10,54),
	(2095,11,73),
	(2096,11,18),
	(2098,13,13),
	(2099,13,79),
	(2100,13,92),
	(2101,14,120),
	(2102,14,78),
	(2103,14,14),
	(2104,15,141),
	(2105,15,154),
	(2106,15,96),
	(2107,16,141),
	(2108,16,22),
	(2109,17,34),
	(2110,17,27),
	(2111,17,23),
	(2112,18,75),
	(2113,18,7),
	(2118,20,72),
	(2119,20,102),
	(2120,20,148),
	(2121,20,134),
	(2122,21,123),
	(2123,22,137),
	(2124,22,49),
	(2125,23,29),
	(2126,23,87),
	(2127,23,16),
	(2128,24,82),
	(2129,25,120),
	(2130,25,39),
	(2137,27,89),
	(2138,27,95),
	(2139,27,32),
	(2140,28,26),
	(2141,29,63),
	(2142,29,98),
	(2143,30,100),
	(2144,30,20),
	(2145,31,150),
	(2146,31,78),
	(2147,32,44),
	(2148,32,81),
	(2154,34,79),
	(2155,34,96),
	(2156,34,131),
	(2157,35,137),
	(2158,35,54),
	(2159,36,82),
	(2160,37,6),
	(2161,37,45),
	(2162,38,31),
	(2163,38,61),
	(2164,38,102),
	(2165,39,56),
	(2167,41,53),
	(2168,41,69),
	(2169,41,102),
	(2170,42,113),
	(2171,42,14),
	(2172,43,120),
	(2173,43,135),
	(2174,44,151),
	(2175,44,7),
	(2176,45,145),
	(2177,45,141),
	(2178,45,88),
	(2179,45,85),
	(2180,46,123),
	(2183,48,70),
	(2184,48,135),
	(2185,48,67),
	(2186,49,129),
	(2187,49,78),
	(2188,49,71),
	(2189,49,97),
	(2190,49,77),
	(2191,50,63),
	(2192,50,44),
	(2193,51,157),
	(2194,51,70),
	(2195,51,27),
	(2196,51,38),
	(2197,52,69),
	(2198,52,18),
	(2199,53,48),
	(2200,53,67),
	(2201,53,130),
	(2202,53,2),
	(2207,55,73),
	(2208,55,157),
	(2209,55,90),
	(2210,55,98),
	(2211,56,119),
	(2212,56,140),
	(2213,57,137),
	(2214,57,13),
	(2215,57,116),
	(2216,58,31),
	(2217,58,60),
	(2218,58,93),
	(2219,58,91),
	(2220,59,61),
	(2221,59,117),
	(2222,59,134),
	(2223,60,151),
	(2224,60,37),
	(2229,62,59),
	(2230,62,18),
	(2231,63,92),
	(2232,63,147),
	(2233,63,72),
	(2234,64,57),
	(2235,64,18),
	(2236,64,116),
	(2237,64,51),
	(2238,65,61),
	(2239,65,92),
	(2240,66,25),
	(2241,66,22),
	(2242,66,136),
	(2243,67,144),
	(2244,67,107),
	(2245,67,88),
	(2247,69,64),
	(2248,70,25),
	(2249,70,106),
	(2250,70,37),
	(2251,70,14),
	(2252,70,130),
	(2253,71,125),
	(2254,71,37),
	(2255,72,97),
	(2256,72,118),
	(2257,72,154),
	(2258,72,116),
	(2259,73,75),
	(2260,73,86),
	(2261,74,99),
	(2262,74,117),
	(2265,76,55),
	(2266,76,46),
	(2267,77,141),
	(2268,77,146),
	(2269,77,96),
	(2274,79,62),
	(2275,79,154),
	(2276,80,4),
	(2277,80,156),
	(2286,83,12),
	(2287,83,31),
	(2297,87,38),
	(2298,87,88),
	(2299,87,147),
	(2300,87,78),
	(2308,92,31),
	(2309,92,146),
	(2310,92,133),
	(2311,93,63),
	(2312,93,88),
	(2313,94,9),
	(2322,97,90),
	(2323,97,149),
	(2324,98,33),
	(2325,98,116),
	(2326,98,98),
	(2327,98,145),
	(2328,98,143),
	(2329,99,139),
	(2330,99,73),
	(2331,99,73),
	(2332,99,95),
	(2333,99,30),
	(2334,100,36),
	(2335,100,88),
	(2336,101,91),
	(2337,101,14),
	(2338,101,156),
	(2339,101,96),
	(2346,104,75),
	(2347,104,87),
	(2348,105,151),
	(2349,105,128),
	(2350,106,52),
	(2351,106,4),
	(2352,106,11),
	(2353,107,24),
	(2354,107,30),
	(2355,108,26),
	(2356,109,131),
	(2357,109,7),
	(2358,109,94),
	(2359,109,23),
	(2362,111,126),
	(2363,112,149),
	(2364,112,30),
	(2365,112,7),
	(2366,112,134),
	(2367,113,61),
	(2368,113,85),
	(2369,113,45),
	(2370,114,35),
	(2371,115,129),
	(2372,115,119),
	(2373,115,48),
	(2374,116,112),
	(2375,116,13),
	(2376,116,102),
	(2377,116,71),
	(2378,117,147),
	(2379,117,155),
	(2380,117,68),
	(2381,118,75),
	(2382,118,7),
	(2383,119,150),
	(2384,119,45),
	(2385,120,83),
	(2386,120,48),
	(2387,121,25),
	(2388,121,156),
	(2389,121,2),
	(2390,122,5),
	(2391,122,20),
	(2392,122,51),
	(2393,123,41),
	(2394,123,145),
	(2395,123,139),
	(2396,124,133),
	(2397,124,13),
	(2398,124,96),
	(2399,124,88),
	(2400,125,152),
	(2401,126,140),
	(2402,126,71),
	(2403,126,72),
	(2404,126,102),
	(2405,126,77),
	(2406,127,56),
	(2407,128,52),
	(2408,128,143),
	(2409,128,22),
	(2410,128,77),
	(2411,128,145),
	(2412,129,147),
	(2413,129,54),
	(2414,129,48),
	(2415,130,155),
	(2416,130,45),
	(2417,130,48),
	(2418,131,58),
	(2419,131,105),
	(2420,131,141),
	(2421,132,106),
	(2422,132,111),
	(2423,132,2),
	(2424,133,141),
	(2425,133,46),
	(2426,133,89),
	(2427,134,40),
	(2428,134,57),
	(2429,134,22),
	(2430,135,100),
	(2431,135,15),
	(2432,136,112),
	(2433,136,110),
	(2434,137,79),
	(2435,137,67),
	(2436,137,70),
	(2437,138,125),
	(2438,138,157),
	(2439,139,49),
	(2440,139,61),
	(2441,140,11),
	(2442,140,78),
	(2443,140,13),
	(2444,140,20),
	(2445,141,155),
	(2446,141,116),
	(2447,141,106),
	(2448,141,25),
	(2449,142,113),
	(2450,142,116),
	(2451,143,141),
	(2452,143,72),
	(2453,143,66),
	(2454,144,58),
	(2455,144,78),
	(2456,144,108),
	(2457,144,37),
	(2458,145,14),
	(2459,145,71),
	(2460,145,130),
	(2461,145,27),
	(2462,145,128),
	(2463,145,131),
	(2464,146,84),
	(2465,146,28),
	(2466,146,47),
	(2467,147,107),
	(2468,147,32),
	(2469,147,45),
	(2470,147,7),
	(2471,147,93),
	(2472,148,112),
	(2473,148,116),
	(2474,148,89),
	(2475,148,127),
	(2476,149,64),
	(2477,150,113),
	(2478,150,28),
	(2479,151,137),
	(2480,151,157),
	(2481,151,129),
	(2482,152,99),
	(2483,152,116),
	(2484,152,25),
	(2485,153,18),
	(2486,153,15),
	(2487,153,93),
	(2488,153,66),
	(2489,154,50),
	(2490,154,94),
	(2491,155,133),
	(2492,155,92),
	(2493,155,29),
	(2494,156,151),
	(2495,156,29),
	(2496,157,152),
	(2497,158,69),
	(2498,158,40),
	(2499,158,98),
	(2500,159,80),
	(2501,159,109),
	(2502,159,67),
	(2503,160,139),
	(2504,160,80),
	(2505,160,117),
	(2506,160,44),
	(2507,161,35),
	(2508,162,57),
	(2509,162,130),
	(2510,162,158),
	(2511,163,149),
	(2512,163,78),
	(2513,163,88),
	(2514,164,24),
	(2515,164,157),
	(2516,165,82),
	(2517,166,113),
	(2518,166,7),
	(2519,167,104),
	(2520,167,7),
	(2521,167,96),
	(2522,168,43),
	(2523,169,55),
	(2524,169,28),
	(2525,170,75),
	(2526,170,29),
	(2527,171,63),
	(2528,171,29),
	(2529,172,26),
	(2530,173,4),
	(2531,173,135),
	(2532,173,78),
	(2533,174,110),
	(2534,174,146),
	(2535,174,58),
	(2536,175,87),
	(2537,175,49),
	(2538,175,66),
	(2539,175,95),
	(2540,176,18),
	(2541,176,21),
	(2542,176,153),
	(2543,176,96),
	(2544,177,18),
	(2545,177,13),
	(2546,177,7),
	(2547,178,78),
	(2548,178,34),
	(2549,179,137),
	(2550,179,25),
	(2551,179,129),
	(2552,180,36),
	(2553,180,66),
	(2554,181,107),
	(2555,181,75),
	(2556,182,118),
	(2557,182,18),
	(2558,183,6),
	(2559,183,88),
	(2560,183,20),
	(2561,184,26),
	(2562,185,8),
	(2563,185,45),
	(2564,186,18),
	(2565,186,39),
	(2566,187,109),
	(2567,187,128),
	(2568,187,52),
	(2569,187,128),
	(2570,187,89),
	(2571,188,120),
	(2572,188,95),
	(2573,189,120),
	(2574,189,58),
	(2575,189,91),
	(2576,190,100),
	(2577,190,96),
	(2578,191,147),
	(2579,191,23),
	(2580,191,1),
	(2581,192,154),
	(2582,192,137),
	(2583,192,102),
	(2584,193,18),
	(2585,193,107),
	(2586,193,45),
	(2587,194,118),
	(2588,194,102),
	(2589,194,14),
	(2590,194,153),
	(2591,194,146),
	(2592,5,126),
	(2593,6,89),
	(2594,6,128),
	(2595,6,97),
	(2596,6,42),
	(2597,6,88),
	(2598,6,117),
	(2599,6,43),
	(2602,13,22),
	(2603,13,112),
	(2604,13,45),
	(2605,13,152),
	(2607,20,89),
	(2608,20,148),
	(2609,20,113),
	(2610,20,84),
	(2611,20,109),
	(2612,20,61),
	(2613,20,50),
	(2614,20,5),
	(2615,20,30),
	(2616,20,61),
	(2617,20,78),
	(2618,20,133),
	(2619,20,154),
	(2620,20,30),
	(2621,20,62),
	(2622,20,139),
	(2623,20,156),
	(2624,20,52),
	(2625,20,63),
	(2626,20,22),
	(2627,20,103),
	(2631,27,135),
	(2632,27,5),
	(2633,27,67),
	(2634,27,81),
	(2635,27,87),
	(2636,27,121),
	(2637,27,70),
	(2638,27,151),
	(2639,27,95),
	(2640,27,63),
	(2641,27,145),
	(2642,27,151),
	(2643,27,156),
	(2644,27,72),
	(2645,27,50),
	(2646,27,140),
	(2647,27,153),
	(2648,27,139),
	(2649,27,10),
	(2650,27,103),
	(2668,34,126),
	(2690,41,4),
	(2691,41,73),
	(2692,41,16),
	(2693,41,74),
	(2694,41,29),
	(2695,41,115),
	(2698,48,152),
	(2708,55,118),
	(2709,55,55),
	(2710,55,108),
	(2711,55,122),
	(2712,55,69),
	(2713,55,90),
	(2714,55,62),
	(2715,55,39),
	(2716,55,64),
	(2718,62,98),
	(2719,62,19),
	(2720,62,26),
	(2727,69,13),
	(2728,69,50),
	(2729,69,154),
	(2730,69,12),
	(2731,69,108),
	(2732,69,104),
	(2733,69,18),
	(2734,69,81),
	(2735,69,93),
	(2736,69,120),
	(2737,69,124),
	(2738,69,69),
	(2739,69,94),
	(2740,69,109),
	(2741,69,146),
	(2742,69,137),
	(2743,69,107),
	(2744,69,40),
	(2745,69,153),
	(2746,69,157),
	(2747,69,148),
	(2748,69,141),
	(2749,69,137),
	(2750,69,56),
	(2756,76,63),
	(2757,76,108),
	(2758,76,131),
	(2759,76,122),
	(2760,76,28),
	(2761,76,49),
	(2762,76,18),
	(2763,76,147),
	(2764,76,140),
	(2765,76,79),
	(2766,76,82),
	(2772,83,18),
	(2773,83,117),
	(2774,83,39),
	(2775,83,21),
	(2776,83,75),
	(2777,83,1),
	(2778,83,126),
	(2831,97,56),
	(2836,104,136),
	(2837,104,67),
	(2838,104,80),
	(2839,104,120),
	(2840,104,36),
	(2841,104,78),
	(2842,104,32),
	(2843,104,137),
	(2844,104,52),
	(2845,104,78),
	(2846,104,16),
	(2847,104,2),
	(2848,104,8),
	(2849,104,66),
	(2850,104,16),
	(2851,104,87),
	(2852,104,109),
	(2853,104,115),
	(2864,111,127),
	(2865,111,104),
	(2866,111,44),
	(2867,111,64),
	(2868,117,104),
	(2869,117,58),
	(2870,117,65),
	(2871,117,86),
	(2872,117,103),
	(2873,118,127),
	(2874,118,9),
	(2875,124,118),
	(2876,124,153),
	(2877,124,2),
	(2878,124,125),
	(2879,124,115),
	(2880,125,126),
	(2881,131,144),
	(2882,131,148),
	(2883,131,86),
	(2884,131,147),
	(2885,131,136),
	(2886,131,10),
	(2887,131,130),
	(2888,131,32),
	(2889,131,91),
	(2890,131,137),
	(2891,131,74),
	(2892,131,123),
	(2893,132,137),
	(2894,132,30),
	(2895,132,92),
	(2896,132,84),
	(2897,132,152),
	(2898,138,148),
	(2899,138,110),
	(2900,138,106),
	(2901,138,49),
	(2902,138,72),
	(2903,138,150),
	(2904,138,141),
	(2905,138,32),
	(2906,138,103),
	(2907,139,119),
	(2908,139,12),
	(2909,139,84),
	(2910,139,41),
	(2911,139,41),
	(2912,139,142),
	(2913,139,137),
	(2914,139,24),
	(2915,139,96),
	(2916,139,115),
	(2917,140,108),
	(2918,140,135),
	(2919,140,120),
	(2920,140,76),
	(2921,141,94),
	(2922,141,54),
	(2923,141,87),
	(2924,141,117),
	(2925,141,86),
	(2926,141,1),
	(2927,141,60),
	(2928,141,33),
	(2929,141,135),
	(2930,141,124),
	(2931,141,114),
	(2932,141,20),
	(2933,141,115),
	(2934,142,13),
	(2935,142,156),
	(2936,142,137),
	(2937,142,69),
	(2938,142,121),
	(2939,142,73),
	(2940,142,78),
	(2941,142,12),
	(2942,142,62),
	(2943,142,79),
	(2944,142,156),
	(2945,142,150),
	(2946,142,141),
	(2947,142,122),
	(2948,142,81),
	(2949,142,17),
	(2950,142,35),
	(2951,143,98),
	(2952,143,48),
	(2953,143,80),
	(2954,143,33),
	(2955,143,106),
	(2956,143,25),
	(2957,143,149),
	(2958,143,108),
	(2959,143,23),
	(2960,143,22),
	(2961,143,81),
	(2962,143,129),
	(2963,143,94),
	(2964,143,70),
	(2965,143,144),
	(2966,143,35),
	(2967,151,29),
	(2968,151,18),
	(2969,151,15),
	(2970,151,149),
	(2971,151,1),
	(2972,151,41),
	(2973,151,149),
	(2974,151,115),
	(2975,158,83),
	(2976,158,122),
	(2977,158,146),
	(2978,158,126),
	(2979,160,16),
	(2980,160,126),
	(2981,168,82),
	(2982,204,141),
	(2983,204,117),
	(2984,204,105),
	(2985,205,154),
	(2986,205,18),
	(2987,205,93),
	(2988,206,138),
	(2989,206,78),
	(2990,207,2),
	(2991,207,18),
	(2992,207,153),
	(2993,208,11),
	(2994,208,32),
	(2995,208,94),
	(2996,209,44),
	(2997,209,41),
	(2998,209,128),
	(2999,210,85),
	(3000,210,150),
	(3001,210,153),
	(3002,5,22),
	(3003,5,26),
	(3004,6,112),
	(3005,6,31),
	(3006,6,64),
	(3010,13,90),
	(3011,13,75),
	(3012,13,150),
	(3013,13,103),
	(3018,20,148),
	(3019,20,69),
	(3020,20,155),
	(3021,20,83),
	(3022,20,81),
	(3023,20,147),
	(3024,20,108),
	(3025,20,111),
	(3026,20,18),
	(3027,20,11),
	(3028,20,18),
	(3029,20,56),
	(3032,27,77),
	(3033,27,138),
	(3034,27,87),
	(3035,27,31),
	(3036,27,72),
	(3037,27,119),
	(3038,27,101),
	(3042,34,91),
	(3043,34,152),
	(3045,41,45),
	(3046,41,11),
	(3047,41,7),
	(3048,41,118),
	(3049,41,17),
	(3050,41,137),
	(3051,41,96),
	(3052,41,141),
	(3053,41,78),
	(3054,41,85),
	(3055,41,123),
	(3058,48,2),
	(3059,48,150),
	(3060,48,41),
	(3061,48,156),
	(3062,48,36),
	(3063,48,61),
	(3064,48,69),
	(3065,48,126),
	(3073,55,130),
	(3074,55,108),
	(3075,55,8),
	(3076,55,122),
	(3077,55,70),
	(3078,55,4),
	(3079,55,61),
	(3080,55,69),
	(3081,55,139),
	(3082,55,61),
	(3083,55,36),
	(3084,55,126),
	(3092,62,89),
	(3093,62,9),
	(3110,69,49),
	(3111,69,91),
	(3112,69,100),
	(3113,69,138),
	(3114,69,16),
	(3115,69,9),
	(3121,76,39),
	(3122,76,141),
	(3123,76,62),
	(3124,76,95),
	(3125,76,35),
	(3131,83,119),
	(3132,83,112),
	(3133,83,117),
	(3134,83,61),
	(3135,83,156),
	(3136,83,75),
	(3137,83,156),
	(3138,83,81),
	(3139,83,68),
	(3140,83,55),
	(3141,83,61),
	(3142,83,117),
	(3143,83,44),
	(3144,83,141),
	(3145,83,81),
	(3146,83,4),
	(3147,83,118),
	(3148,83,151),
	(3149,83,18),
	(3150,83,137),
	(3151,83,75),
	(3152,83,4),
	(3153,83,22),
	(3154,83,137),
	(3155,83,2),
	(3156,83,121),
	(3157,83,43),
	(3196,97,118),
	(3197,97,113),
	(3198,97,129),
	(3199,97,117),
	(3200,97,130),
	(3201,97,106),
	(3202,97,53),
	(3203,97,157),
	(3204,97,107),
	(3205,97,59),
	(3206,97,81),
	(3207,97,101),
	(3210,104,2),
	(3211,104,118),
	(3212,104,85),
	(3213,104,123),
	(3225,111,5),
	(3226,111,115),
	(3227,117,39),
	(3228,117,78),
	(3229,117,156),
	(3230,117,18),
	(3231,117,136),
	(3232,117,81),
	(3233,117,55),
	(3234,117,119),
	(3235,117,35),
	(3236,118,18),
	(3237,118,82),
	(3238,124,19),
	(3239,124,149),
	(3240,124,125),
	(3241,124,117),
	(3242,124,126),
	(3243,125,32),
	(3244,125,111),
	(3245,125,44),
	(3246,125,108),
	(3247,125,38),
	(3248,125,155),
	(3249,125,106),
	(3250,125,40),
	(3251,125,96),
	(3252,125,45),
	(3253,125,55),
	(3254,125,113),
	(3255,125,20),
	(3256,125,64),
	(3257,131,73),
	(3258,131,119),
	(3259,131,43),
	(3260,132,49),
	(3261,132,58),
	(3262,132,75),
	(3263,132,40),
	(3264,132,133),
	(3265,132,4),
	(3266,132,81),
	(3267,132,118),
	(3268,132,141),
	(3269,132,137),
	(3270,132,61),
	(3271,132,84),
	(3272,132,125),
	(3273,132,125),
	(3274,132,149),
	(3275,132,75),
	(3276,132,120),
	(3277,132,43),
	(3278,138,43),
	(3279,139,82),
	(3297,3,168),
	(3298,3,169),
	(3299,3,170),
	(3300,3,171),
	(3379,78,89),
	(3380,78,128),
	(3381,78,4),
	(3382,78,105),
	(3383,78,20),
	(3449,81,61),
	(3450,81,135),
	(3460,86,61),
	(3461,86,97),
	(3462,86,44),
	(3478,85,52),
	(3479,85,129),
	(3480,85,147),
	(3481,85,30),
	(3485,90,56),
	(3497,88,97),
	(3498,88,73),
	(3499,88,146),
	(3500,88,88),
	(3503,89,104),
	(3504,89,20),
	(3505,89,14),
	(3506,1,42),
	(3507,1,98),
	(3508,103,84),
	(3509,103,13),
	(3510,12,145),
	(3511,12,79),
	(3512,12,98),
	(3513,12,94),
	(3514,12,96),
	(3515,19,49),
	(3516,19,137),
	(3517,26,48),
	(3518,26,159),
	(3519,26,134),
	(3520,26,89),
	(3521,33,141),
	(3522,33,4),
	(3523,40,44),
	(3524,40,124),
	(3525,40,15),
	(3526,82,33),
	(3527,82,38),
	(3528,82,48),
	(3529,75,141),
	(3530,75,73),
	(3531,68,59),
	(3532,68,143),
	(3533,68,30),
	(3534,68,86),
	(3535,68,94),
	(3536,61,124),
	(3537,61,146),
	(3538,54,56),
	(3539,47,140),
	(3540,47,32),
	(3541,47,65),
	(3542,102,46),
	(3543,102,59),
	(3544,102,158),
	(3545,96,64),
	(3546,95,31),
	(3547,95,18),
	(3548,95,77),
	(3549,110,151),
	(3550,110,66),
	(3551,5,141),
	(3552,5,161),
	(3553,5,76),
	(3554,6,64),
	(3555,13,120),
	(3556,13,126),
	(3557,14,141),
	(3558,14,96),
	(3559,14,146),
	(3560,14,76),
	(3561,20,64),
	(3562,21,6),
	(3563,21,58),
	(3564,21,10),
	(3565,21,61),
	(3566,21,41),
	(3567,21,73),
	(3568,21,53),
	(3569,21,9),
	(3570,27,147),
	(3571,27,69),
	(3572,27,10),
	(3573,27,44),
	(3574,27,18),
	(3575,27,45),
	(3576,27,153),
	(3577,27,99),
	(3578,27,101),
	(3579,28,97),
	(3580,28,159),
	(3581,28,90),
	(3582,28,10),
	(3583,28,149),
	(3584,28,35),
	(3585,34,156),
	(3586,34,125),
	(3587,34,113),
	(3588,34,18),
	(3589,34,137),
	(3590,34,156),
	(3591,34,117),
	(3592,34,51),
	(3593,34,156),
	(3594,34,104),
	(3595,34,6),
	(3596,34,22),
	(3597,34,26),
	(3598,35,18),
	(3599,35,64),
	(3600,41,86),
	(3601,41,69),
	(3602,41,131),
	(3603,41,83),
	(3604,41,12),
	(3605,41,18),
	(3606,41,112),
	(3607,41,148),
	(3608,41,120),
	(3609,41,118),
	(3610,41,64),
	(3611,42,143),
	(3612,42,68),
	(3613,42,1),
	(3614,42,57),
	(3615,42,120),
	(3616,42,110),
	(3617,42,45),
	(3618,42,138),
	(3619,42,148),
	(3620,42,120),
	(3621,42,97),
	(3622,42,55),
	(3623,42,132),
	(3624,42,149),
	(3625,42,99),
	(3626,42,155),
	(3627,42,21),
	(3628,42,72),
	(3629,42,18),
	(3630,42,53),
	(3631,42,10),
	(3632,42,148),
	(3633,42,87),
	(3634,42,10),
	(3635,42,126),
	(3636,48,130),
	(3637,48,141),
	(3638,48,111),
	(3639,48,104),
	(3640,48,152),
	(3641,49,34),
	(3642,49,155),
	(3643,49,31),
	(3644,49,158),
	(3645,49,9),
	(3646,50,45),
	(3647,50,101),
	(3648,55,137),
	(3649,55,101),
	(3650,56,149),
	(3651,56,46),
	(3652,56,77),
	(3653,56,2),
	(3654,56,59),
	(3655,56,88),
	(3656,56,97),
	(3657,56,55),
	(3658,56,85),
	(3659,56,27),
	(3660,56,79),
	(3661,56,2),
	(3662,56,103),
	(3663,62,94),
	(3664,62,55),
	(3665,62,19),
	(3666,62,31),
	(3667,62,79),
	(3668,62,162),
	(3669,62,109),
	(3670,62,112),
	(3671,62,105),
	(3672,62,101),
	(3673,63,113),
	(3674,63,49),
	(3675,63,99),
	(3676,63,17),
	(3677,63,136),
	(3678,63,82),
	(3679,69,24),
	(3680,69,18),
	(3681,69,80),
	(3682,69,85),
	(3683,69,16),
	(3684,69,159),
	(3685,69,99),
	(3686,69,162),
	(3687,69,153),
	(3688,69,95),
	(3689,69,18),
	(3690,69,22),
	(3691,69,160),
	(3692,69,110),
	(3693,69,75),
	(3694,69,56),
	(3695,70,90),
	(3696,70,19),
	(3697,70,114),
	(3698,70,52),
	(3699,70,113),
	(3700,70,18),
	(3701,70,72),
	(3702,70,103),
	(3703,76,140),
	(3704,76,101),
	(3705,77,132),
	(3706,77,99),
	(3707,77,115),
	(3708,83,89),
	(3709,83,31),
	(3710,83,71),
	(3711,83,76),
	(3712,84,156),
	(3713,84,144),
	(3714,84,120),
	(3715,84,110),
	(3716,84,142),
	(3717,84,43),
	(3718,90,63),
	(3719,90,138),
	(3720,90,20),
	(3721,90,62),
	(3722,90,154),
	(3723,90,18),
	(3724,90,93),
	(3725,90,117),
	(3726,90,100),
	(3727,90,36),
	(3728,90,67),
	(3729,90,42),
	(3730,90,74),
	(3731,90,123),
	(3732,91,103),
	(3733,97,49),
	(3734,97,52),
	(3735,97,126),
	(3736,98,109),
	(3737,98,148),
	(3738,98,13),
	(3739,98,142),
	(3740,98,7),
	(3741,98,50),
	(3742,98,78),
	(3743,98,135),
	(3744,98,5),
	(3745,98,92),
	(3746,98,160),
	(3747,98,149),
	(3748,98,142),
	(3749,98,77),
	(3750,98,154),
	(3751,98,146),
	(3752,98,64),
	(3753,104,59),
	(3754,104,125),
	(3755,104,120),
	(3756,104,30),
	(3757,104,120),
	(3758,104,61),
	(3759,104,111),
	(3760,104,124),
	(3761,104,89),
	(3762,104,34),
	(3763,104,149),
	(3764,104,133),
	(3765,104,24),
	(3766,104,141),
	(3767,104,100),
	(3768,104,158),
	(3769,104,19),
	(3770,104,133),
	(3771,104,138),
	(3772,104,119),
	(3773,104,99),
	(3774,104,19),
	(3775,104,61),
	(3776,104,151),
	(3777,104,29),
	(3778,104,18),
	(3779,104,77),
	(3780,104,133),
	(3781,104,137),
	(3782,104,106),
	(3783,104,81),
	(3784,104,67),
	(3785,104,101),
	(3786,105,38),
	(3787,105,137),
	(3788,105,80),
	(3789,105,45),
	(3790,105,63),
	(3791,105,68),
	(3792,105,122),
	(3793,105,95),
	(3794,105,63),
	(3795,105,68),
	(3796,105,121),
	(3797,105,97),
	(3798,105,45),
	(3799,105,144),
	(3800,105,158),
	(3801,105,103),
	(3802,111,109),
	(3803,111,136),
	(3804,111,114),
	(3805,111,130),
	(3806,111,24),
	(3807,111,8),
	(3808,111,2),
	(3809,111,35),
	(3810,112,18),
	(3811,112,82),
	(3812,118,92),
	(3813,118,101),
	(3814,119,52),
	(3815,119,100),
	(3816,119,62),
	(3817,119,85),
	(3818,119,49),
	(3819,119,18),
	(3820,119,101),
	(3821,125,9),
	(3822,126,106),
	(3823,126,66),
	(3824,126,81),
	(3825,126,54),
	(3826,126,57),
	(3827,126,75),
	(3828,126,76),
	(3829,132,18),
	(3830,132,55),
	(3831,132,125),
	(3832,132,59),
	(3833,132,6),
	(3834,132,140),
	(3835,132,75),
	(3836,132,35),
	(3837,133,76),
	(3838,139,105),
	(3839,139,101),
	(3840,140,45),
	(3841,140,112),
	(3842,140,60),
	(3843,140,81),
	(3844,140,154),
	(3845,140,128),
	(3846,140,18),
	(3847,140,36),
	(3848,140,103),
	(3849,146,147),
	(3850,146,151),
	(3851,146,120),
	(3852,146,43),
	(3853,147,157),
	(3854,147,58),
	(3855,147,53),
	(3856,147,140),
	(3857,147,5),
	(3858,147,131),
	(3859,147,119),
	(3860,147,150),
	(3861,147,150),
	(3862,147,83),
	(3863,147,88),
	(3864,147,142),
	(3865,147,151),
	(3866,147,142),
	(3867,147,18),
	(3868,147,1),
	(3869,147,156),
	(3870,147,119),
	(3871,147,136),
	(3872,147,52),
	(3873,147,152),
	(3874,148,84),
	(3875,148,158),
	(3876,148,149),
	(3877,148,39),
	(3878,148,91),
	(3879,148,10),
	(3880,148,61),
	(3881,148,80),
	(3882,148,106),
	(3883,148,1),
	(3884,148,103),
	(3885,153,111),
	(3886,153,23),
	(3887,153,41),
	(3888,153,79),
	(3889,153,24),
	(3890,153,127),
	(3891,153,103),
	(3892,154,120),
	(3893,154,104),
	(3894,154,72),
	(3895,154,68),
	(3896,154,149),
	(3897,154,141),
	(3898,154,149),
	(3899,154,137),
	(3900,154,112),
	(3901,154,129),
	(3902,154,136),
	(3903,154,10),
	(3904,154,83),
	(3905,154,11),
	(3906,154,145),
	(3907,154,92),
	(3908,154,26),
	(3909,155,17),
	(3910,155,62),
	(3911,155,101),
	(3912,157,82),
	(3913,160,58),
	(3914,160,19),
	(3915,160,132),
	(3916,160,24),
	(3917,160,67),
	(3918,160,113),
	(3919,160,43),
	(3920,161,122),
	(3921,161,137),
	(3922,161,16),
	(3923,161,70),
	(3924,161,12),
	(3925,161,151),
	(3926,161,81),
	(3927,161,18),
	(3928,161,140),
	(3929,161,101),
	(3930,165,100),
	(3931,165,22),
	(3932,165,21),
	(3933,165,63),
	(3934,165,42),
	(3935,165,120),
	(3936,165,92),
	(3937,165,75),
	(3938,165,22),
	(3939,165,47),
	(3940,165,59),
	(3941,165,129),
	(3942,165,75),
	(3943,165,20),
	(3944,165,49),
	(3945,165,158),
	(3946,165,49),
	(3947,165,100),
	(3948,165,26),
	(3949,167,25),
	(3950,167,144),
	(3951,167,31),
	(3952,167,148),
	(3953,167,63),
	(3954,167,56),
	(3955,168,96),
	(3956,168,143),
	(3957,168,155),
	(3958,168,94),
	(3959,168,137),
	(3960,168,50),
	(3961,168,10),
	(3962,168,111),
	(3963,168,72),
	(3964,168,125),
	(3965,168,108),
	(3966,168,146),
	(3967,168,144),
	(3968,168,36),
	(3969,168,97),
	(3970,168,56),
	(3971,174,35),
	(3972,175,4),
	(3973,175,155),
	(3974,175,82),
	(3975,181,33),
	(3976,181,64),
	(3977,182,50),
	(3978,182,13),
	(3979,182,129),
	(3980,182,42),
	(3981,182,67),
	(3982,182,75),
	(3983,182,149),
	(3984,182,151),
	(3985,182,89),
	(3986,182,129),
	(3987,182,43),
	(3988,188,42),
	(3989,188,78),
	(3990,188,148),
	(3991,188,156),
	(3992,188,46),
	(3993,188,152),
	(3994,189,46),
	(3995,189,156),
	(3996,189,137),
	(3997,189,81),
	(3998,189,14),
	(3999,189,26),
	(4000,195,61),
	(4001,195,45),
	(4002,195,121),
	(4003,195,129),
	(4004,195,108),
	(4005,195,24),
	(4006,195,104),
	(4007,195,9),
	(4008,196,40),
	(4009,196,61),
	(4010,196,17),
	(4011,196,45),
	(4012,196,5),
	(4013,196,102),
	(4014,196,18),
	(4015,196,38),
	(4016,196,58),
	(4017,196,82),
	(4018,209,114),
	(4019,209,23),
	(4020,209,144),
	(4021,209,73),
	(4022,209,64),
	(4023,210,101),
	(4024,211,43),
	(4025,212,46),
	(4026,212,122),
	(4027,213,159),
	(4028,213,72),
	(4029,213,89),
	(4030,213,87),
	(4031,214,19),
	(4032,214,23),
	(4033,215,56),
	(4034,216,130),
	(4035,216,147),
	(4036,216,48),
	(4037,216,138),
	(4038,216,12),
	(4039,216,19),
	(4040,216,80),
	(4041,216,37),
	(4042,216,112),
	(4043,216,19),
	(4044,216,52),
	(4045,216,19),
	(4046,216,71),
	(4047,216,157),
	(4048,216,66),
	(4049,216,103),
	(4050,217,22),
	(4051,217,68),
	(4052,217,64),
	(4053,218,76),
	(4054,219,79),
	(4055,219,137),
	(4056,220,10),
	(4057,220,65),
	(4058,221,83),
	(4059,221,45),
	(4060,222,7),
	(4061,222,104),
	(4062,222,15),
	(4063,223,122),
	(4064,223,131),
	(4065,223,63),
	(4066,223,86),
	(4067,223,97),
	(4068,223,50),
	(4069,223,42),
	(4070,223,22),
	(4071,223,160),
	(4072,223,115),
	(4073,224,126),
	(4074,225,96),
	(4075,225,58),
	(4076,225,106),
	(4077,225,2),
	(4078,225,98),
	(4079,226,24),
	(4080,226,134),
	(4081,227,59),
	(4082,227,2),
	(4083,227,85),
	(4084,227,134),
	(4085,227,91),
	(4086,228,151),
	(4087,228,93),
	(4088,229,72),
	(4089,229,87),
	(4090,229,78),
	(4091,229,109),
	(4092,230,79),
	(4093,230,66),
	(4094,230,76),
	(4095,231,34),
	(4096,231,70),
	(4097,231,14),
	(4098,231,124),
	(4099,231,101),
	(4100,232,126),
	(4101,233,160),
	(4102,233,46),
	(4103,233,38),
	(4104,233,68),
	(4105,234,146),
	(4106,234,48),
	(4107,234,78),
	(4108,234,14),
	(4109,234,46),
	(4110,235,131),
	(4111,235,33),
	(4112,236,55),
	(4113,236,107),
	(4114,237,24),
	(4115,237,118),
	(4116,237,20),
	(4117,237,100),
	(4118,237,77),
	(4119,237,63),
	(4120,237,85),
	(4121,237,146),
	(4122,237,62),
	(4123,237,72),
	(4124,237,123),
	(4125,238,87),
	(4126,238,129),
	(4127,238,59),
	(4128,238,34),
	(4129,238,101),
	(4130,239,1),
	(4131,239,22),
	(4132,239,145),
	(4133,240,141),
	(4134,240,95),
	(4135,241,160),
	(4136,241,96),
	(4137,241,30),
	(4138,241,143),
	(4139,241,145),
	(4140,242,78),
	(4141,242,114),
	(4142,242,15),
	(4143,242,47),
	(4144,243,35),
	(4145,244,126),
	(4146,245,162),
	(4147,245,58),
	(4148,245,52),
	(4149,245,58),
	(4150,245,19),
	(4151,245,117),
	(4152,245,18),
	(4153,245,156),
	(4154,245,21),
	(4155,245,114),
	(4156,245,119),
	(4157,245,145),
	(4158,245,16),
	(4159,245,12),
	(4160,245,76),
	(4161,246,19),
	(4162,246,67),
	(4163,247,42),
	(4164,247,28),
	(4165,248,149),
	(4166,248,44),
	(4167,248,52),
	(4168,249,19),
	(4169,249,127),
	(4170,250,82),
	(4171,251,160),
	(4172,251,11),
	(4173,251,120),
	(4174,251,48),
	(4175,251,6),
	(4176,251,103),
	(4177,252,82),
	(4178,253,36),
	(4179,253,107),
	(4180,254,69),
	(4181,254,147),
	(4182,254,48),
	(4183,255,22),
	(4184,255,97),
	(4185,255,7),
	(4186,255,31),
	(4187,256,42),
	(4188,256,20),
	(4189,257,152),
	(4190,258,120),
	(4191,258,99),
	(4192,258,18),
	(4193,258,79),
	(4194,258,138),
	(4195,258,98),
	(4196,258,37),
	(4197,258,54),
	(4198,258,43),
	(4199,259,118),
	(4200,259,8),
	(4201,259,8),
	(4202,259,18),
	(4203,259,74),
	(4204,259,147),
	(4205,259,139),
	(4206,259,39),
	(4207,259,17),
	(4208,259,110),
	(4209,259,5),
	(4210,259,57),
	(4211,259,61),
	(4212,259,97),
	(4213,259,149),
	(4214,259,90),
	(4215,259,162),
	(4216,259,114),
	(4217,259,61),
	(4218,259,59),
	(4219,259,52),
	(4220,259,72),
	(4221,259,141),
	(4222,259,146),
	(4223,259,2),
	(4224,259,44),
	(4225,259,149),
	(4226,259,60),
	(4227,259,148),
	(4228,259,61),
	(4229,259,139),
	(4230,259,82);

/*!40000 ALTER TABLE `days_to_tasks` ENABLE KEYS */;
UNLOCK TABLES;


# Export von Tabelle invalid_days
# ------------------------------------------------------------

DROP TABLE IF EXISTS `invalid_days`;

CREATE TABLE `invalid_days` (
  `IDinvalidDays` int(10) unsigned NOT NULL AUTO_INCREMENT,
  `reason` int(10) unsigned NOT NULL,
  `date` int(10) unsigned NOT NULL,
  PRIMARY KEY (`IDinvalidDays`),
  UNIQUE KEY `invalid_days_date_unique` (`date`),
  KEY `invalid_days_reason_foreign` (`reason`),
  CONSTRAINT `invalid_days_date_foreign` FOREIGN KEY (`date`) REFERENCES `dates` (`IDdates`),
  CONSTRAINT `invalid_days_reason_foreign` FOREIGN KEY (`reason`) REFERENCES `invalid_reasons` (`IDinvalidReasons`)
) ENGINE=InnoDB DEFAULT CHARSET=utf8mb4 COLLATE=utf8mb4_unicode_ci;

LOCK TABLES `invalid_days` WRITE;
/*!40000 ALTER TABLE `invalid_days` DISABLE KEYS */;

INSERT INTO `invalid_days` (`IDinvalidDays`, `reason`, `date`)
VALUES
	(3,1,140),
	(4,1,141),
	(5,1,142),
	(6,1,143),
	(7,2,168),
	(8,3,158),
	(9,1,160),
	(10,4,151),
	(11,2,49);

/*!40000 ALTER TABLE `invalid_days` ENABLE KEYS */;
UNLOCK TABLES;


# Export von Tabelle invalid_reasons
# ------------------------------------------------------------

DROP TABLE IF EXISTS `invalid_reasons`;

CREATE TABLE `invalid_reasons` (
  `IDinvalidReasons` int(10) unsigned NOT NULL AUTO_INCREMENT,
  `reason` varchar(255) COLLATE utf8mb4_unicode_ci NOT NULL,
  PRIMARY KEY (`IDinvalidReasons`)
) ENGINE=InnoDB DEFAULT CHARSET=utf8mb4 COLLATE=utf8mb4_unicode_ci;

LOCK TABLES `invalid_reasons` WRITE;
/*!40000 ALTER TABLE `invalid_reasons` DISABLE KEYS */;

INSERT INTO `invalid_reasons` (`IDinvalidReasons`, `reason`)
VALUES
	(1,'Urlaub'),
	(2,'Krank'),
	(3,'Neujahr'),
	(4,'Erster Weihnachtstag');

/*!40000 ALTER TABLE `invalid_reasons` ENABLE KEYS */;
UNLOCK TABLES;


# Export von Tabelle migrations
# ------------------------------------------------------------

DROP TABLE IF EXISTS `migrations`;

CREATE TABLE `migrations` (
  `id` int(10) unsigned NOT NULL AUTO_INCREMENT,
  `migration` varchar(191) COLLATE utf8mb4_unicode_ci NOT NULL,
  `batch` int(11) NOT NULL,
  PRIMARY KEY (`id`)
) ENGINE=InnoDB DEFAULT CHARSET=utf8mb4 COLLATE=utf8mb4_unicode_ci;

LOCK TABLES `migrations` WRITE;
/*!40000 ALTER TABLE `migrations` DISABLE KEYS */;

INSERT INTO `migrations` (`id`, `migration`, `batch`)
VALUES
	(11,'2014_10_12_000000_create_users_table',1),
	(12,'2014_10_12_100000_create_password_resets_table',1),
	(13,'2018_07_24_192126_create_dates_table',1),
	(14,'2018_07_24_193355_create_weeks_table',1),
	(15,'2018_07_24_194241_create_invalid_reasons_table',1),
	(16,'2018_07_24_196306_create_invalid_days_table',1),
	(17,'2018_07_24_198307_create_one_days_table',1),
	(18,'2018_07_24_202653_create_tasks_hours_table',1),
	(19,'2018_07_24_203358_create_tasks_table',1),
	(20,'2018_07_24_212121_create_days_to_tasks_table',1);

/*!40000 ALTER TABLE `migrations` ENABLE KEYS */;
UNLOCK TABLES;


# Export von Tabelle one_days
# ------------------------------------------------------------

DROP TABLE IF EXISTS `one_days`;

CREATE TABLE `one_days` (
  `IDoneDay` int(10) unsigned NOT NULL AUTO_INCREMENT,
  `weekID` int(10) unsigned NOT NULL,
  `date` int(10) unsigned NOT NULL,
  PRIMARY KEY (`IDoneDay`),
  KEY `one_days_weekid_foreign` (`weekID`),
  KEY `one_days_date_foreign` (`date`),
  CONSTRAINT `one_days_date_foreign` FOREIGN KEY (`date`) REFERENCES `dates` (`IDdates`),
  CONSTRAINT `one_days_weekid_foreign` FOREIGN KEY (`weekID`) REFERENCES `weeks` (`IDweeks`)
) ENGINE=InnoDB DEFAULT CHARSET=utf8mb4 COLLATE=utf8mb4_unicode_ci;

LOCK TABLES `one_days` WRITE;
/*!40000 ALTER TABLE `one_days` DISABLE KEYS */;

INSERT INTO `one_days` (`IDoneDay`, `weekID`, `date`)
VALUES
	(1,1,1),
	(2,1,2),
	(3,1,3),
	(4,1,4),
	(5,1,5),
	(6,1,6),
	(7,2,7),
	(9,2,8),
	(10,2,9),
	(11,2,10),
	(12,2,11),
	(13,2,12),
	(14,2,13),
	(15,3,14),
	(16,3,15),
	(17,3,16),
	(18,3,17),
	(19,3,18),
	(20,3,19),
	(21,3,20),
	(22,4,21),
	(23,4,22),
	(24,4,23),
	(25,4,24),
	(26,4,25),
	(27,4,26),
	(28,4,27),
	(29,5,28),
	(30,5,29),
	(31,5,30),
	(32,5,31),
	(33,5,32),
	(34,5,33),
	(35,5,34),
	(36,6,35),
	(37,6,36),
	(38,6,37),
	(39,6,38),
	(40,6,39),
	(41,6,40),
	(42,6,41),
	(43,7,42),
	(44,7,43),
	(45,7,44),
	(46,7,45),
	(47,7,46),
	(48,7,47),
	(49,7,48),
	(50,8,49),
	(51,8,50),
	(52,8,51),
	(53,8,52),
	(54,8,53),
	(55,8,54),
	(56,8,55),
	(57,9,56),
	(58,9,57),
	(59,9,58),
	(60,9,59),
	(61,9,60),
	(62,9,61),
	(63,9,62),
	(64,10,63),
	(65,10,64),
	(66,10,65),
	(67,10,66),
	(68,10,67),
	(69,10,68),
	(70,10,69),
	(71,11,70),
	(72,11,71),
	(73,11,72),
	(74,11,73),
	(75,11,74),
	(76,11,75),
	(77,11,76),
	(78,12,77),
	(79,12,78),
	(80,12,79),
	(81,12,80),
	(82,12,81),
	(83,12,82),
	(84,12,83),
	(85,13,84),
	(86,13,85),
	(87,13,86),
	(88,13,87),
	(89,13,88),
	(90,13,89),
	(91,13,90),
	(92,14,91),
	(93,14,92),
	(94,14,93),
	(95,14,94),
	(96,14,95),
	(97,14,96),
	(98,14,97),
	(99,15,98),
	(100,15,99),
	(101,15,100),
	(102,15,101),
	(103,15,102),
	(104,15,103),
	(105,15,104),
	(106,16,105),
	(107,16,106),
	(108,16,107),
	(109,16,108),
	(110,16,109),
	(111,16,110),
	(112,16,111),
	(113,17,112),
	(114,17,113),
	(115,17,114),
	(116,17,115),
	(117,17,116),
	(118,17,117),
	(119,17,118),
	(120,18,119),
	(121,18,120),
	(122,18,121),
	(123,18,122),
	(124,18,123),
	(125,18,124),
	(126,18,125),
	(127,19,126),
	(128,19,127),
	(129,19,128),
	(130,19,129),
	(131,19,130),
	(132,19,131),
	(133,19,132),
	(134,20,133),
	(135,20,134),
	(136,20,135),
	(137,20,136),
	(138,20,137),
	(139,20,138),
	(140,20,139),
	(141,22,144),
	(142,22,145),
	(143,22,146),
	(144,22,147),
	(145,22,148),
	(146,22,149),
	(147,22,150),
	(148,23,151),
	(149,23,152),
	(150,23,153),
	(151,23,154),
	(152,23,155),
	(153,23,156),
	(154,23,157),
	(155,24,158),
	(156,24,159),
	(157,24,160),
	(158,24,161),
	(159,24,162),
	(160,24,163),
	(161,24,164),
	(162,25,165),
	(163,25,166),
	(164,25,167),
	(165,25,168),
	(166,25,169),
	(167,25,170),
	(168,25,171),
	(169,26,172),
	(170,26,173),
	(171,26,174),
	(172,26,175),
	(173,26,176),
	(174,26,177),
	(175,26,178),
	(176,27,179),
	(177,27,180),
	(178,27,181),
	(179,27,182),
	(180,27,183),
	(181,27,184),
	(182,27,185),
	(183,28,186),
	(184,28,187),
	(185,28,188),
	(186,28,189),
	(187,28,190),
	(188,28,191),
	(189,28,192),
	(190,29,193),
	(191,29,194),
	(192,29,195),
	(193,29,196),
	(194,29,197),
	(195,29,198),
	(196,29,199),
	(204,30,200),
	(205,30,201),
	(206,30,202),
	(207,30,203),
	(208,30,204),
	(209,30,205),
	(210,30,206),
	(211,48,330),
	(212,48,331),
	(213,48,332),
	(214,48,333),
	(215,48,334),
	(216,48,335),
	(217,48,336),
	(218,49,337),
	(219,49,338),
	(220,49,339),
	(221,49,340),
	(222,49,341),
	(223,49,342),
	(224,49,343),
	(225,50,344),
	(226,50,345),
	(227,50,346),
	(228,50,347),
	(229,50,348),
	(230,50,349),
	(231,50,350),
	(232,51,351),
	(233,51,352),
	(234,51,353),
	(235,51,354),
	(236,51,355),
	(237,51,356),
	(238,51,357),
	(239,52,358),
	(240,52,359),
	(241,52,360),
	(242,52,361),
	(243,52,362),
	(244,52,363),
	(245,52,364),
	(246,53,365),
	(247,53,366),
	(248,53,367),
	(249,53,368),
	(250,53,369),
	(251,53,370),
	(252,53,371),
	(253,54,372),
	(254,54,373),
	(255,54,374),
	(256,54,375),
	(257,54,376),
	(258,54,377),
	(259,54,378);

/*!40000 ALTER TABLE `one_days` ENABLE KEYS */;
UNLOCK TABLES;


# Export von Tabelle password_resets
# ------------------------------------------------------------

DROP TABLE IF EXISTS `password_resets`;

CREATE TABLE `password_resets` (
  `email` varchar(191) COLLATE utf8mb4_unicode_ci NOT NULL,
  `token` varchar(191) COLLATE utf8mb4_unicode_ci NOT NULL,
  `created_at` timestamp NULL DEFAULT NULL,
  KEY `password_resets_email_index` (`email`)
) ENGINE=InnoDB DEFAULT CHARSET=utf8mb4 COLLATE=utf8mb4_unicode_ci;



# Export von Tabelle tasks
# ------------------------------------------------------------

DROP TABLE IF EXISTS `tasks`;

CREATE TABLE `tasks` (
  `IDtasks` int(10) unsigned NOT NULL AUTO_INCREMENT,
  `name` varchar(255) COLLATE utf8mb4_unicode_ci NOT NULL,
  `description` varchar(512) COLLATE utf8mb4_unicode_ci NOT NULL,
  `schoolTask` tinyint(4) NOT NULL,
  `time` int(10) unsigned NOT NULL,
  PRIMARY KEY (`IDtasks`),
  KEY `tasks_time_foreign` (`time`),
  CONSTRAINT `tasks_time_foreign` FOREIGN KEY (`time`) REFERENCES `tasks_hours` (`IDtaskHours`)
) ENGINE=InnoDB DEFAULT CHARSET=utf8mb4 COLLATE=utf8mb4_unicode_ci;

LOCK TABLES `tasks` WRITE;
/*!40000 ALTER TABLE `tasks` DISABLE KEYS */;

INSERT INTO `tasks` (`IDtasks`, `name`, `description`, `schoolTask`, `time`)
VALUES
	(1,'PHP','Template Überarbeitung mit PHP',0,7),
	(2,'Wordpress','Überarbeitung eines Templates für Wordpress',0,6),
	(4,'PHP','Template Überarbeitung mit PHP',0,1),
	(5,'CSS','CSS Anpassungen am Wordpressplugin',0,2),
	(6,'Gestaltung','Neugestaltung einer Unterseite',0,2),
	(7,'JavaScript','JavaScript Anpassungen',0,5),
	(8,'PHP','Überprüfung einer PHP Funktionalität',0,2),
	(9,'html','html Template Umsetzung',0,4),
	(10,'Konzeption','Konzeption eines neuen Bereichs',0,3),
	(11,'Beratung','Telefonischer Support',0,1),
	(12,'Kundenmeeting','Kundenmeeting',0,2),
	(13,'Konzeption','Grafischer Entwurf in Adobe XD',0,6),
	(14,'Gestaltung','Umgestaltung einer Unterseite',0,5),
	(15,'Einarbeitung','Einarbeitung in ein neues Projekt',0,5),
	(16,'Farbkonzept','Erstellung eines neuen Farbkonzepts',0,2),
	(17,'Beratung','Kundengespräch',0,2),
	(18,'JavaScript','Überprüfung einer JavaScript Funktionalität',0,8),
	(19,'PHP','Fehlerkorrektur in PHP',0,3),
	(20,'Dokumentation','Erweiterung einer Dokumentation',0,5),
	(21,'html','HTML Anpassungen',0,5),
	(22,'Backup','Aufsetzten eines Backups',0,1),
	(23,'Redaktionell','Redaktionelle Pflege von Inhalten',0,5),
	(24,'SEO','SEO Relevante Anpassungen',0,3),
	(25,'Konzeption','Konzeption einer Webseite',0,5),
	(26,'Beratung','Telefonische Beratung',0,4),
	(27,'Konzeption','Grafische Konzeption einer Webseite',0,5),
	(28,'Gestaltung','Grafischer Entwurf in Adobe XD',0,5),
	(29,'html','html Anpassungen',0,5),
	(30,'html','html Anpassungen',0,5),
	(31,'html','html Anpassungen',0,6),
	(32,'html','html Anpassungen',0,1),
	(33,'html','html Anpassungen',0,7),
	(34,'html','html Anpassungen',0,2),
	(35,'html','html Anpassungen',0,4),
	(36,'html','html Anpassungen',0,3),
	(37,'JavaScript','JavaScript Anpassungen',0,5),
	(38,'JavaScript','JavaScript Anpassungen',0,6),
	(39,'JavaScript','JavaScript Anpassungen',0,1),
	(40,'JavaScript','JavaScript Anpassungen',0,7),
	(41,'JavaScript','JavaScript Anpassungen',0,2),
	(42,'JavaScript','JavaScript Anpassungen',0,3),
	(43,'JavaScript','JavaScript Anpassungen',0,4),
	(44,'Beratung','Kundengespräch',0,5),
	(45,'Beratung','Kundengespräch',0,6),
	(46,'Beratung','Telefonische Beratung',0,5),
	(47,'Erweiterung einer Dokumentation','Kundengespräch',0,5),
	(48,'Dokumentation','Erweiterung einer Dokumentation',0,6),
	(49,'Dokumentation','Erweiterung einer Dokumentation',0,1),
	(50,'Dokumentation','Erstellen einer Kundendokumentation',0,2),
	(51,'SEO','SEO Relevante Anpassungen',0,5),
	(52,'SEO','SEO Relevante Anpassungen',0,6),
	(53,'SEO','SEO Relevante Anpassungen',0,7),
	(54,'SEO','SEO Relevante Anpassungen',0,1),
	(55,'SEO','SEO Relevante Anpassungen',0,3),
	(56,'SEO','SEO Relevante Anpassungen',0,4),
	(57,'CSS','CSS Anpassungen',0,5),
	(58,'CSS','CSS Anpassungen',0,6),
	(59,'CSS','CSS Anpassungen',0,1),
	(60,'CSS','CSS Anpassungen',0,7),
	(61,'CSS','CSS Anpassungen',0,8),
	(62,'CSS','CSS Anpassungen',0,2),
	(63,'CSS','CSS Anpassungen',0,3),
	(64,'CSS','CSS Anpassungen',0,4),
	(65,'CSS','CSS Anpassungen',0,5),
	(66,'CSS','CSS Anpassungen',0,5),
	(67,'CSS','CSS Anpassungen',0,5),
	(68,'PHP','Überprüfung einer PHP Funktionalität',0,5),
	(69,'PHP','Überprüfung einer PHP Funktionalität',0,1),
	(70,'PHP','PHP Fehlerkorrektur',0,7),
	(71,'Konzeption','Grafische Konzeption',0,5),
	(72,'Konzeption','Grafische Konzeption',0,6),
	(73,'Konzeption','Grafische Konzeption',0,1),
	(74,'Konzeption','Grafische Konzeption',0,2),
	(75,'Konzeption','Grafische Konzeption',0,3),
	(76,'Konzeption','Grafische Konzeption',0,4),
	(77,'Redaktionell','Redaktionelle Pflege von Inhalten',0,5),
	(78,'Redaktionell','Redaktionelle Pflege von Inhalten',0,6),
	(79,'Redaktionell','Redaktionelle Pflege von Inhalten',0,1),
	(80,'Redaktionell','Redaktionelle Pflege von Inhalten',0,7),
	(81,'Redaktionell','Redaktionelle Pflege von Inhalten',0,3),
	(82,'Redaktionell','Redaktionelle Pflege von Inhalten',0,4),
	(83,'Redaktionell','Redaktionelle Pflege von Inhalten',0,2),
	(84,'Redaktionell','Redaktionelle Pflege von Inhalten',0,2),
	(85,'Anpassungen','Anpassung einer Webseit',0,5),
	(86,'Anpassungen','Anpassung einer Webseit',0,5),
	(87,'Anpassungen','Anpassung einer Webseit',0,5),
	(88,'Anpassungen','Anpassung einer Webseit',0,5),
	(89,'Intern','Interne Organisation',0,6),
	(90,'Intern','Interes Meeting',0,1),
	(91,'Intern','Interne Organisation',0,5),
	(92,'Intern','Internes Meeting',0,1),
	(93,'Berichtsheft','Arbeit am Berichtsheft',0,5),
	(94,'Berichtsheft','Arbeit am Berichtsheft',0,6),
	(95,'Berichtsheft','Arbeit am Berichtsheft',0,1),
	(96,'Berichtsheft','Arbeit am Berichtsheft',0,5),
	(97,'Berichtsheft','Arbeit am Berichtsheft',0,6),
	(98,'Einarbeitung','Projekteinarbeitung',0,5),
	(99,'Einarbeitung','Projekteinarbeitung',0,2),
	(100,'Einarbeitung','Projekteinarbeitung',0,3),
	(101,'Einarbeitung','Projekteinarbeitung',0,4),
	(102,'Einarbeitung','Projekteinarbeitung',0,5),
	(103,'Einarbeitung','Projekteinarbeitung',0,4),
	(104,'Einarbeitung','Projekteinarbeitung',0,2),
	(105,'Einarbeitung','Projekteinarbeitung',0,5),
	(106,'Einarbeitung','Projekteinarbeitung',0,6),
	(107,'Einarbeitung','Projekteinarbeitung',0,5),
	(108,'Einarbeitung','Projekteinarbeitung',0,1),
	(109,'Einarbeitung','Projekteinarbeitung',0,1),
	(110,'Einarbeitung','Projekteinarbeitung',0,7),
	(111,'PHP','PHP Anpassungen',0,7),
	(112,'PHP','PHP Anpassungen',0,7),
	(113,'PHP','PHP Anpassungen',0,3),
	(114,'PHP','PHP Anpassungen',0,7),
	(115,'PHP','PHP Anpassungen',0,4),
	(116,'Anpassungen','Fehlerkorrektur',0,5),
	(117,'Anpassungen','Fehlerkorrektur',0,6),
	(118,'Anpassungen','Fehlerkorrektur',0,1),
	(119,'Anpassungen','Fehlerkorrektur',0,7),
	(120,'Anpassungen','Fehlerkorrektur',0,8),
	(121,'Anpassungen','Fehlerkorrektur',0,2),
	(122,'Anpassungen','Fehlerkorrektur',0,3),
	(123,'Anpassungen','Fehlerkorrektur',0,4),
	(124,'Anpassungen','Fehlerkorrektur',0,2),
	(125,'Anpassungen','Fehlerkorrektur',0,3),
	(126,'Anpassungen','Fehlerkorrektur',0,4),
	(127,'Wordpress','Wordpress Plugin Installation',0,5),
	(128,'Wordpress','Wordpress Plugin Installation',0,5),
	(129,'Wordpress','Wordpress Plugin Installation',0,6),
	(130,'Wordpress','Wordpress Plugin Installation',0,1),
	(131,'Wordpress','Wordpress Plugin Installation',0,7),
	(132,'Wordpress','Wordpress Plugin Installation',0,7),
	(133,'Wordpress','Wordpress Plugin Installation',0,7),
	(134,'Wordpress','Wordpress Theme Anpassungen',0,5),
	(135,'Wordpress','Wordpress Theme Anpassungen',0,1),
	(136,'Wordpress','Wordpress Theme Anpassungen',0,7),
	(137,'Wordpress','Wordpress Theme Anpassungen',0,8),
	(138,'Wordpress','Wordpress Theme Anpassungen',0,2),
	(139,'Wordpress','Wordpress Theme Anpassungen',0,5),
	(140,'Wordpress','Wordpress Theme Anpassungen',0,7),
	(141,'Wordpress','Wordpress Theme Anpassungen',0,8),
	(142,'Wordpress','Wordpress Theme Anpassungen',0,2),
	(143,'Wordpress','Wordpress Theme Anpassungen',0,5),
	(144,'JavaScript','JavaScript Fehlerkorrektur',0,2),
	(145,'CSS','Responsive Einstellungen per CSS',0,5),
	(146,'CSS','Responsive Einstellungen per CSS',0,6),
	(147,'CSS','Responsive Einstellungen per CSS',0,1),
	(148,'CSS','Responsive Einstellungen per CSS',0,7),
	(149,'CSS','Responsive Einstellungen per CSS',0,8),
	(150,'CSS','Responsive Einstellungen per CSS',0,2),
	(151,'CSS','Responsive Einstellungen per CSS',0,3),
	(152,'CSS','Responsive Einstellungen per CSS',0,4),
	(153,'PHP','Konzeption eines PHP Scripts',0,5),
	(154,'PHP','Konzeption eines PHP Scripts',0,6),
	(155,'PHP','Konzeption eines PHP Scripts',0,7),
	(156,'PHP','Konzeption eines PHP Scripts',0,8),
	(157,'PHP','Konzeption eines PHP Scripts',0,5),
	(158,'PHP','Konzeption eines PHP Scripts',0,7),
	(159,'CSS Änderungen','CSS Änderungen',0,1),
	(160,'Kundengespräch','Kundengespräch',0,7),
	(161,'Konzeption','Konzeption',0,5),
	(162,'CSS Änderungen','CSS Änderungen',0,2),
	(163,'Schule','Schule',1,6),
	(164,'Schultag','Schultag',1,6),
	(165,'Schule','Schule',1,1),
	(166,'Lernfeld','Lernfeld',1,6),
	(167,'Schule','Schule',1,2),
	(168,'Lernfeld 5','Lernfeld 5',1,6),
	(169,'Lernfeld 2','Lernfeld 2',1,6),
	(170,'Lernfeld 3','Lernfeld 3',1,6),
	(171,'Lernfeld 4','Lernfeld 4',1,6);

/*!40000 ALTER TABLE `tasks` ENABLE KEYS */;
UNLOCK TABLES;


# Export von Tabelle tasks_hours
# ------------------------------------------------------------

DROP TABLE IF EXISTS `tasks_hours`;

CREATE TABLE `tasks_hours` (
  `IDtaskHours` int(10) unsigned NOT NULL AUTO_INCREMENT,
  `hour` int(11) NOT NULL,
  PRIMARY KEY (`IDtaskHours`)
) ENGINE=InnoDB DEFAULT CHARSET=utf8mb4 COLLATE=utf8mb4_unicode_ci;

LOCK TABLES `tasks_hours` WRITE;
/*!40000 ALTER TABLE `tasks_hours` DISABLE KEYS */;

INSERT INTO `tasks_hours` (`IDtaskHours`, `hour`)
VALUES
	(1,3),
	(2,6),
	(3,7),
	(4,8),
	(5,1),
	(6,2),
	(7,4),
	(8,5);

/*!40000 ALTER TABLE `tasks_hours` ENABLE KEYS */;
UNLOCK TABLES;


# Export von Tabelle users
# ------------------------------------------------------------

DROP TABLE IF EXISTS `users`;

CREATE TABLE `users` (
  `id` int(10) unsigned NOT NULL AUTO_INCREMENT,
  `name` varchar(191) COLLATE utf8mb4_unicode_ci NOT NULL,
  `email` varchar(191) COLLATE utf8mb4_unicode_ci NOT NULL,
  `password` varchar(191) COLLATE utf8mb4_unicode_ci NOT NULL,
  `remember_token` varchar(100) COLLATE utf8mb4_unicode_ci DEFAULT NULL,
  `created_at` timestamp NULL DEFAULT NULL,
  `updated_at` timestamp NULL DEFAULT NULL,
  PRIMARY KEY (`id`),
  UNIQUE KEY `users_email_unique` (`email`)
) ENGINE=InnoDB DEFAULT CHARSET=utf8mb4 COLLATE=utf8mb4_unicode_ci;



# Export von Tabelle weeks
# ------------------------------------------------------------

DROP TABLE IF EXISTS `weeks`;

CREATE TABLE `weeks` (
  `IDweeks` int(10) unsigned NOT NULL AUTO_INCREMENT,
  `startDate` int(10) unsigned NOT NULL,
  `endDate` int(10) unsigned NOT NULL,
  `schoolDate` varchar(191) COLLATE utf8mb4_unicode_ci DEFAULT NULL,
  `schoolDayName` varchar(191) COLLATE utf8mb4_unicode_ci DEFAULT NULL,
  `workingDays` int(11) NOT NULL,
  `trainingYear` int(11) NOT NULL,
  PRIMARY KEY (`IDweeks`),
  UNIQUE KEY `weeks_startdate_unique` (`startDate`),
  UNIQUE KEY `weeks_enddate_unique` (`endDate`),
  CONSTRAINT `weeks_enddate_foreign` FOREIGN KEY (`endDate`) REFERENCES `dates` (`IDdates`),
  CONSTRAINT `weeks_startdate_foreign` FOREIGN KEY (`startDate`) REFERENCES `dates` (`IDdates`)
) ENGINE=InnoDB DEFAULT CHARSET=utf8mb4 COLLATE=utf8mb4_unicode_ci;

LOCK TABLES `weeks` WRITE;
/*!40000 ALTER TABLE `weeks` DISABLE KEYS */;

INSERT INTO `weeks` (`IDweeks`, `startDate`, `endDate`, `schoolDate`, `schoolDayName`, `workingDays`, `trainingYear`)
VALUES
	(1,1,6,'3','Donnerstag',6,1),
	(2,7,13,'10','Donnerstag',6,1),
	(3,14,20,'17','Donnerstag',6,1),
	(4,21,27,'24','Donnerstag',6,1),
	(5,28,34,'31','Donnerstag',6,1),
	(6,35,41,'38','Donnerstag',6,1),
	(7,42,48,'45','Donnerstag',6,1),
	(8,49,55,'52','Donnerstag',6,1),
	(9,56,62,'59','Donnerstag',6,1),
	(10,63,69,'66','Donnerstag',6,1),
	(11,70,76,'73','Donnerstag',6,1),
	(12,77,83,'80','Donnerstag',6,1),
	(13,84,90,'87','Donnerstag',6,1),
	(14,91,97,'94','Donnerstag',6,1),
	(15,98,104,'101','Donnerstag',6,1),
	(16,105,111,'108','Donnerstag',6,1),
	(17,112,118,'115','Donnerstag',6,1),
	(18,119,125,'122','Donnerstag',6,1),
	(19,126,132,'129','Donnerstag',6,1),
	(20,133,139,'136','Donnerstag',6,1),
	(22,144,150,'147','Donnerstag',6,1),
	(23,151,157,'154','Donnerstag',6,1),
	(24,158,164,'161','Donnerstag',6,1),
	(25,165,171,'168','Donnerstag',6,1),
	(26,172,178,'175','Donnerstag',6,1),
	(27,179,185,'182','Donnerstag',6,1),
	(28,186,192,'189','Donnerstag',6,1),
	(29,193,199,'195,196','Mittwoch,Donnerstag',5,1),
	(30,200,206,'202,203','Mittwoch,Donnerstag',5,1),
	(31,207,213,'209,210','Mittwoch,Donnerstag',5,1),
	(32,214,220,'216,217','Mittwoch,Donnerstag',5,1),
	(33,221,227,'223,224','Mittwoch,Donnerstag',5,1),
	(34,228,233,'230,231','Mittwoch,Donnerstag',5,1),
	(35,234,240,'236,237','Mittwoch,Donnerstag',5,1),
	(36,241,247,'243,244','Mittwoch,Donnerstag',5,1),
	(37,248,254,'250,251','Mittwoch,Donnerstag',5,1),
	(38,255,261,'257,258','Mittwoch,Donnerstag',5,1),
	(39,262,268,'264,265','Mittwoch,Donnerstag',5,1),
	(40,269,275,'271,272','Mittwoch,Donnerstag',5,1),
	(41,276,282,'278,279','Mittwoch,Donnerstag',5,1),
	(42,283,289,'285,286','Mittwoch,Donnerstag',5,1),
	(43,290,296,'292,293','Mittwoch,Donnerstag',5,1),
	(44,297,303,'299,300','Mittwoch,Donnerstag',5,1),
	(45,304,310,'306,307','Mittwoch,Donnerstag',5,1),
	(46,311,317,'313,314','Mittwoch,Donnerstag',5,1),
	(47,318,324,'320,321','Mittwoch,Donnerstag',5,1),
	(48,330,336,NULL,NULL,7,1),
	(49,337,343,NULL,NULL,7,1),
	(50,344,350,NULL,NULL,7,1),
	(51,351,357,NULL,NULL,7,1),
	(52,358,364,NULL,NULL,7,1),
	(53,365,371,NULL,NULL,7,1),
	(54,372,378,NULL,NULL,7,1);

/*!40000 ALTER TABLE `weeks` ENABLE KEYS */;
UNLOCK TABLES;



/*!40111 SET SQL_NOTES=@OLD_SQL_NOTES */;
/*!40101 SET SQL_MODE=@OLD_SQL_MODE */;
/*!40014 SET FOREIGN_KEY_CHECKS=@OLD_FOREIGN_KEY_CHECKS */;
/*!40101 SET CHARACTER_SET_CLIENT=@OLD_CHARACTER_SET_CLIENT */;
/*!40101 SET CHARACTER_SET_RESULTS=@OLD_CHARACTER_SET_RESULTS */;
/*!40101 SET COLLATION_CONNECTION=@OLD_COLLATION_CONNECTION */;
