# ************************************************************
# Sequel Pro SQL dump
# Version 4541
#
# http://www.sequelpro.com/
# https://github.com/sequelpro/sequelpro
#
# Host: 127.0.0.1 (MySQL 5.7.23)
# Datenbank: reporter
# Erstellt am: 2019-09-11 07:18:26 +0000
# ************************************************************


/*!40101 SET @OLD_CHARACTER_SET_CLIENT=@@CHARACTER_SET_CLIENT */;
/*!40101 SET @OLD_CHARACTER_SET_RESULTS=@@CHARACTER_SET_RESULTS */;
/*!40101 SET @OLD_COLLATION_CONNECTION=@@COLLATION_CONNECTION */;
/*!40101 SET NAMES utf8 */;
/*!40014 SET @OLD_FOREIGN_KEY_CHECKS=@@FOREIGN_KEY_CHECKS, FOREIGN_KEY_CHECKS=0 */;
/*!40101 SET @OLD_SQL_MODE=@@SQL_MODE, SQL_MODE='NO_AUTO_VALUE_ON_ZERO' */;
/*!40111 SET @OLD_SQL_NOTES=@@SQL_NOTES, SQL_NOTES=0 */;


# Export von Tabelle dates
# ------------------------------------------------------------

DROP TABLE IF EXISTS `dates`;

CREATE TABLE `dates` (
  `IDdates` int(10) unsigned NOT NULL AUTO_INCREMENT,
  `date` date NOT NULL,
  PRIMARY KEY (`IDdates`),
  UNIQUE KEY `dates_date_unique` (`date`)
) ENGINE=InnoDB DEFAULT CHARSET=utf8mb4 COLLATE=utf8mb4_unicode_ci;

LOCK TABLES `dates` WRITE;
/*!40000 ALTER TABLE `dates` DISABLE KEYS */;

INSERT INTO `dates` (`IDdates`, `date`)
VALUES
	(635,'2017-07-26'),
	(1,'2017-08-01'),
	(2,'2017-08-02'),
	(3,'2017-08-03'),
	(4,'2017-08-04'),
	(5,'2017-08-05'),
	(6,'2017-08-06'),
	(7,'2017-08-07'),
	(8,'2017-08-08'),
	(9,'2017-08-09'),
	(10,'2017-08-10'),
	(11,'2017-08-11'),
	(12,'2017-08-12'),
	(13,'2017-08-13'),
	(14,'2017-08-14'),
	(15,'2017-08-15'),
	(16,'2017-08-16'),
	(17,'2017-08-17'),
	(18,'2017-08-18'),
	(19,'2017-08-19'),
	(20,'2017-08-20'),
	(21,'2017-08-21'),
	(22,'2017-08-22'),
	(23,'2017-08-23'),
	(24,'2017-08-24'),
	(25,'2017-08-25'),
	(26,'2017-08-26'),
	(27,'2017-08-27'),
	(28,'2017-08-28'),
	(29,'2017-08-29'),
	(30,'2017-08-30'),
	(31,'2017-08-31'),
	(32,'2017-09-01'),
	(33,'2017-09-02'),
	(34,'2017-09-03'),
	(35,'2017-09-04'),
	(36,'2017-09-05'),
	(37,'2017-09-06'),
	(38,'2017-09-07'),
	(39,'2017-09-08'),
	(40,'2017-09-09'),
	(41,'2017-09-10'),
	(42,'2017-09-11'),
	(43,'2017-09-12'),
	(44,'2017-09-13'),
	(45,'2017-09-14'),
	(46,'2017-09-15'),
	(47,'2017-09-16'),
	(48,'2017-09-17'),
	(49,'2017-09-18'),
	(50,'2017-09-19'),
	(51,'2017-09-20'),
	(52,'2017-09-21'),
	(53,'2017-09-22'),
	(54,'2017-09-23'),
	(55,'2017-09-24'),
	(56,'2017-09-25'),
	(57,'2017-09-26'),
	(58,'2017-09-27'),
	(59,'2017-09-28'),
	(60,'2017-09-29'),
	(61,'2017-09-30'),
	(62,'2017-10-01'),
	(63,'2017-10-02'),
	(64,'2017-10-03'),
	(65,'2017-10-04'),
	(66,'2017-10-05'),
	(67,'2017-10-06'),
	(68,'2017-10-07'),
	(69,'2017-10-08'),
	(70,'2017-10-09'),
	(71,'2017-10-10'),
	(72,'2017-10-11'),
	(73,'2017-10-12'),
	(74,'2017-10-13'),
	(75,'2017-10-14'),
	(76,'2017-10-15'),
	(77,'2017-10-16'),
	(78,'2017-10-17'),
	(79,'2017-10-18'),
	(80,'2017-10-19'),
	(81,'2017-10-20'),
	(82,'2017-10-21'),
	(83,'2017-10-22'),
	(84,'2017-10-23'),
	(85,'2017-10-24'),
	(86,'2017-10-25'),
	(87,'2017-10-26'),
	(88,'2017-10-27'),
	(89,'2017-10-28'),
	(90,'2017-10-29'),
	(91,'2017-10-30'),
	(92,'2017-10-31'),
	(93,'2017-11-01'),
	(94,'2017-11-02'),
	(95,'2017-11-03'),
	(96,'2017-11-04'),
	(97,'2017-11-05'),
	(98,'2017-11-06'),
	(99,'2017-11-07'),
	(100,'2017-11-08'),
	(101,'2017-11-09'),
	(102,'2017-11-10'),
	(103,'2017-11-11'),
	(104,'2017-11-12'),
	(105,'2017-11-13'),
	(106,'2017-11-14'),
	(107,'2017-11-15'),
	(108,'2017-11-16'),
	(109,'2017-11-17'),
	(110,'2017-11-18'),
	(111,'2017-11-19'),
	(112,'2017-11-20'),
	(113,'2017-11-21'),
	(114,'2017-11-22'),
	(115,'2017-11-23'),
	(116,'2017-11-24'),
	(117,'2017-11-25'),
	(118,'2017-11-26'),
	(119,'2017-11-27'),
	(120,'2017-11-28'),
	(121,'2017-11-29'),
	(122,'2017-11-30'),
	(123,'2017-12-01'),
	(124,'2017-12-02'),
	(125,'2017-12-03'),
	(126,'2017-12-04'),
	(127,'2017-12-05'),
	(128,'2017-12-06'),
	(129,'2017-12-07'),
	(130,'2017-12-08'),
	(131,'2017-12-09'),
	(132,'2017-12-10'),
	(133,'2017-12-11'),
	(134,'2017-12-12'),
	(135,'2017-12-13'),
	(136,'2017-12-14'),
	(137,'2017-12-15'),
	(138,'2017-12-16'),
	(139,'2017-12-17'),
	(144,'2017-12-18'),
	(145,'2017-12-19'),
	(146,'2017-12-20'),
	(147,'2017-12-21'),
	(148,'2017-12-22'),
	(149,'2017-12-23'),
	(150,'2017-12-24'),
	(151,'2017-12-25'),
	(152,'2017-12-26'),
	(153,'2017-12-27'),
	(154,'2017-12-28'),
	(155,'2017-12-29'),
	(156,'2017-12-30'),
	(157,'2017-12-31'),
	(158,'2018-01-01'),
	(159,'2018-01-02'),
	(160,'2018-01-03'),
	(161,'2018-01-04'),
	(162,'2018-01-05'),
	(163,'2018-01-06'),
	(164,'2018-01-07'),
	(165,'2018-01-08'),
	(166,'2018-01-09'),
	(167,'2018-01-10'),
	(168,'2018-01-11'),
	(169,'2018-01-12'),
	(170,'2018-01-13'),
	(171,'2018-01-14'),
	(172,'2018-01-15'),
	(173,'2018-01-16'),
	(174,'2018-01-17'),
	(175,'2018-01-18'),
	(176,'2018-01-19'),
	(177,'2018-01-20'),
	(178,'2018-01-21'),
	(179,'2018-01-22'),
	(180,'2018-01-23'),
	(181,'2018-01-24'),
	(182,'2018-01-25'),
	(183,'2018-01-26'),
	(184,'2018-01-27'),
	(185,'2018-01-28'),
	(186,'2018-01-29'),
	(187,'2018-01-30'),
	(188,'2018-01-31'),
	(189,'2018-02-01'),
	(190,'2018-02-02'),
	(191,'2018-02-03'),
	(192,'2018-02-04'),
	(193,'2018-02-05'),
	(194,'2018-02-06'),
	(195,'2018-02-07'),
	(196,'2018-02-08'),
	(197,'2018-02-09'),
	(198,'2018-02-10'),
	(199,'2018-02-11'),
	(200,'2018-02-12'),
	(201,'2018-02-13'),
	(202,'2018-02-14'),
	(203,'2018-02-15'),
	(204,'2018-02-16'),
	(205,'2018-02-17'),
	(206,'2018-02-18'),
	(207,'2018-02-19'),
	(208,'2018-02-20'),
	(209,'2018-02-21'),
	(210,'2018-02-22'),
	(211,'2018-02-23'),
	(212,'2018-02-24'),
	(213,'2018-02-25'),
	(214,'2018-02-26'),
	(215,'2018-02-27'),
	(216,'2018-02-28'),
	(217,'2018-03-01'),
	(218,'2018-03-02'),
	(219,'2018-03-03'),
	(220,'2018-03-04'),
	(221,'2018-03-05'),
	(222,'2018-03-06'),
	(223,'2018-03-07'),
	(224,'2018-03-08'),
	(225,'2018-03-09'),
	(226,'2018-03-10'),
	(227,'2018-03-11'),
	(228,'2018-03-12'),
	(229,'2018-03-13'),
	(230,'2018-03-14'),
	(231,'2018-03-15'),
	(143,'2018-03-16'),
	(232,'2018-03-17'),
	(233,'2018-03-18'),
	(234,'2018-03-19'),
	(235,'2018-03-20'),
	(236,'2018-03-21'),
	(237,'2018-03-22'),
	(238,'2018-03-23'),
	(239,'2018-03-24'),
	(240,'2018-03-25'),
	(241,'2018-03-26'),
	(242,'2018-03-27'),
	(243,'2018-03-28'),
	(244,'2018-03-29'),
	(245,'2018-03-30'),
	(246,'2018-03-31'),
	(247,'2018-04-01'),
	(248,'2018-04-02'),
	(249,'2018-04-03'),
	(250,'2018-04-04'),
	(251,'2018-04-05'),
	(252,'2018-04-06'),
	(253,'2018-04-07'),
	(254,'2018-04-08'),
	(255,'2018-04-09'),
	(256,'2018-04-10'),
	(257,'2018-04-11'),
	(258,'2018-04-12'),
	(259,'2018-04-13'),
	(260,'2018-04-14'),
	(261,'2018-04-15'),
	(262,'2018-04-16'),
	(263,'2018-04-17'),
	(264,'2018-04-18'),
	(265,'2018-04-19'),
	(266,'2018-04-20'),
	(267,'2018-04-21'),
	(268,'2018-04-22'),
	(269,'2018-04-23'),
	(270,'2018-04-24'),
	(271,'2018-04-25'),
	(272,'2018-04-26'),
	(273,'2018-04-27'),
	(274,'2018-04-28'),
	(275,'2018-04-29'),
	(276,'2018-04-30'),
	(277,'2018-05-01'),
	(278,'2018-05-02'),
	(279,'2018-05-03'),
	(280,'2018-05-04'),
	(281,'2018-05-05'),
	(282,'2018-05-06'),
	(283,'2018-05-07'),
	(284,'2018-05-08'),
	(285,'2018-05-09'),
	(286,'2018-05-10'),
	(287,'2018-05-11'),
	(288,'2018-05-12'),
	(289,'2018-05-13'),
	(290,'2018-05-14'),
	(291,'2018-05-15'),
	(292,'2018-05-16'),
	(293,'2018-05-17'),
	(294,'2018-05-18'),
	(295,'2018-05-19'),
	(296,'2018-05-20'),
	(297,'2018-05-21'),
	(298,'2018-05-22'),
	(299,'2018-05-23'),
	(300,'2018-05-24'),
	(301,'2018-05-25'),
	(302,'2018-05-26'),
	(303,'2018-05-27'),
	(304,'2018-05-28'),
	(305,'2018-05-29'),
	(306,'2018-05-30'),
	(307,'2018-05-31'),
	(308,'2018-06-01'),
	(309,'2018-06-02'),
	(310,'2018-06-03'),
	(311,'2018-06-04'),
	(312,'2018-06-05'),
	(313,'2018-06-06'),
	(314,'2018-06-07'),
	(315,'2018-06-08'),
	(316,'2018-06-09'),
	(317,'2018-06-10'),
	(318,'2018-06-11'),
	(319,'2018-06-12'),
	(320,'2018-06-13'),
	(321,'2018-06-14'),
	(322,'2018-06-15'),
	(323,'2018-06-16'),
	(324,'2018-06-17'),
	(325,'2018-06-18'),
	(326,'2018-06-19'),
	(327,'2018-06-20'),
	(328,'2018-06-21'),
	(329,'2018-06-22'),
	(643,'2018-06-23'),
	(644,'2018-06-24'),
	(330,'2018-06-25'),
	(331,'2018-06-26'),
	(332,'2018-06-27'),
	(333,'2018-06-28'),
	(334,'2018-06-29'),
	(335,'2018-06-30'),
	(336,'2018-07-01'),
	(337,'2018-07-02'),
	(338,'2018-07-03'),
	(339,'2018-07-04'),
	(340,'2018-07-05'),
	(341,'2018-07-06'),
	(342,'2018-07-07'),
	(343,'2018-07-08'),
	(344,'2018-07-09'),
	(345,'2018-07-10'),
	(346,'2018-07-11'),
	(347,'2018-07-12'),
	(348,'2018-07-13'),
	(349,'2018-07-14'),
	(350,'2018-07-15'),
	(351,'2018-07-16'),
	(352,'2018-07-17'),
	(353,'2018-07-18'),
	(354,'2018-07-19'),
	(355,'2018-07-20'),
	(356,'2018-07-21'),
	(357,'2018-07-22'),
	(358,'2018-07-23'),
	(359,'2018-07-24'),
	(360,'2018-07-25'),
	(361,'2018-07-26'),
	(362,'2018-07-27'),
	(363,'2018-07-28'),
	(364,'2018-07-29'),
	(365,'2018-07-30'),
	(366,'2018-07-31'),
	(367,'2018-08-01'),
	(368,'2018-08-02'),
	(369,'2018-08-03'),
	(370,'2018-08-04'),
	(371,'2018-08-05'),
	(372,'2018-08-06'),
	(373,'2018-08-07'),
	(374,'2018-08-08'),
	(375,'2018-08-09'),
	(376,'2018-08-10'),
	(377,'2018-08-11'),
	(378,'2018-08-12'),
	(379,'2018-08-13'),
	(380,'2018-08-14'),
	(381,'2018-08-15'),
	(382,'2018-08-16'),
	(383,'2018-08-17'),
	(384,'2018-08-18'),
	(385,'2018-08-19'),
	(386,'2018-08-20'),
	(387,'2018-08-21'),
	(388,'2018-08-22'),
	(389,'2018-08-23'),
	(390,'2018-08-24'),
	(391,'2018-08-25'),
	(392,'2018-08-26'),
	(393,'2018-08-27'),
	(394,'2018-08-28'),
	(395,'2018-08-29'),
	(396,'2018-08-30'),
	(397,'2018-08-31'),
	(398,'2018-09-01'),
	(399,'2018-09-02'),
	(400,'2018-09-03'),
	(401,'2018-09-04'),
	(402,'2018-09-05'),
	(403,'2018-09-06'),
	(404,'2018-09-07'),
	(405,'2018-09-08'),
	(406,'2018-09-09'),
	(140,'2018-09-10'),
	(141,'2018-09-11'),
	(142,'2018-09-12'),
	(407,'2018-09-13'),
	(408,'2018-09-14'),
	(409,'2018-09-15'),
	(410,'2018-09-16'),
	(411,'2018-09-17'),
	(412,'2018-09-18'),
	(413,'2018-09-19'),
	(414,'2018-09-20'),
	(415,'2018-09-21'),
	(416,'2018-09-22'),
	(417,'2018-09-23'),
	(418,'2018-09-24'),
	(419,'2018-09-25'),
	(420,'2018-09-26'),
	(421,'2018-09-27'),
	(422,'2018-09-28'),
	(423,'2018-09-29'),
	(424,'2018-09-30'),
	(425,'2018-10-01'),
	(426,'2018-10-02'),
	(427,'2018-10-03'),
	(428,'2018-10-04'),
	(429,'2018-10-05'),
	(430,'2018-10-06'),
	(431,'2018-10-07'),
	(432,'2018-10-08'),
	(433,'2018-10-09'),
	(434,'2018-10-10'),
	(435,'2018-10-11'),
	(436,'2018-10-12'),
	(437,'2018-10-13'),
	(438,'2018-10-14'),
	(439,'2018-10-15'),
	(440,'2018-10-16'),
	(441,'2018-10-17'),
	(442,'2018-10-18'),
	(443,'2018-10-19'),
	(444,'2018-10-20'),
	(445,'2018-10-21'),
	(446,'2018-10-22'),
	(447,'2018-10-23'),
	(448,'2018-10-24'),
	(449,'2018-10-25'),
	(450,'2018-10-26'),
	(451,'2018-10-27'),
	(452,'2018-10-28'),
	(453,'2018-10-29'),
	(454,'2018-10-30'),
	(455,'2018-10-31'),
	(456,'2018-11-01'),
	(457,'2018-11-02'),
	(458,'2018-11-03'),
	(459,'2018-11-04'),
	(460,'2018-11-05'),
	(461,'2018-11-06'),
	(462,'2018-11-07'),
	(463,'2018-11-08'),
	(464,'2018-11-09'),
	(465,'2018-11-10'),
	(466,'2018-11-11'),
	(467,'2018-11-12'),
	(468,'2018-11-13'),
	(469,'2018-11-14'),
	(470,'2018-11-15'),
	(471,'2018-11-16'),
	(472,'2018-11-17'),
	(473,'2018-11-18'),
	(474,'2018-11-19'),
	(475,'2018-11-20'),
	(476,'2018-11-21'),
	(477,'2018-11-22'),
	(478,'2018-11-23'),
	(479,'2018-11-24'),
	(480,'2018-11-25'),
	(481,'2018-11-26'),
	(482,'2018-11-27'),
	(483,'2018-11-28'),
	(484,'2018-11-29'),
	(485,'2018-11-30'),
	(486,'2018-12-01'),
	(487,'2018-12-02'),
	(488,'2018-12-03'),
	(489,'2018-12-04'),
	(490,'2018-12-05'),
	(491,'2018-12-06'),
	(492,'2018-12-07'),
	(493,'2018-12-08'),
	(494,'2018-12-09'),
	(495,'2018-12-10'),
	(496,'2018-12-11'),
	(497,'2018-12-12'),
	(498,'2018-12-13'),
	(499,'2018-12-14'),
	(500,'2018-12-15'),
	(501,'2018-12-16'),
	(502,'2018-12-17'),
	(503,'2018-12-18'),
	(504,'2018-12-19'),
	(505,'2018-12-20'),
	(506,'2018-12-21'),
	(507,'2018-12-22'),
	(508,'2018-12-23'),
	(509,'2018-12-24'),
	(510,'2018-12-25'),
	(511,'2018-12-26'),
	(512,'2018-12-27'),
	(513,'2018-12-28'),
	(514,'2018-12-29'),
	(515,'2018-12-30'),
	(516,'2018-12-31'),
	(517,'2019-01-01'),
	(518,'2019-01-02'),
	(519,'2019-01-03'),
	(520,'2019-01-04'),
	(521,'2019-01-05'),
	(522,'2019-01-06'),
	(523,'2019-01-07'),
	(524,'2019-01-08'),
	(525,'2019-01-09'),
	(526,'2019-01-10'),
	(527,'2019-01-11'),
	(528,'2019-01-12'),
	(529,'2019-01-13'),
	(530,'2019-01-14'),
	(531,'2019-01-15'),
	(532,'2019-01-16'),
	(533,'2019-01-17'),
	(534,'2019-01-18'),
	(535,'2019-01-19'),
	(536,'2019-01-20'),
	(537,'2019-01-21'),
	(538,'2019-01-22'),
	(539,'2019-01-23'),
	(540,'2019-01-24'),
	(541,'2019-01-25'),
	(542,'2019-01-26'),
	(543,'2019-01-27'),
	(544,'2019-01-28'),
	(545,'2019-01-29'),
	(546,'2019-01-30'),
	(547,'2019-01-31'),
	(548,'2019-02-01'),
	(549,'2019-02-02'),
	(550,'2019-02-03'),
	(551,'2019-02-04'),
	(552,'2019-02-05'),
	(553,'2019-02-06'),
	(554,'2019-02-07'),
	(555,'2019-02-08'),
	(556,'2019-02-09'),
	(557,'2019-02-10'),
	(558,'2019-02-11'),
	(559,'2019-02-12'),
	(560,'2019-02-13'),
	(561,'2019-02-14'),
	(562,'2019-02-15'),
	(563,'2019-02-16'),
	(564,'2019-02-17'),
	(565,'2019-02-18'),
	(566,'2019-02-19'),
	(567,'2019-02-20'),
	(568,'2019-02-21'),
	(569,'2019-02-22'),
	(570,'2019-02-23'),
	(571,'2019-02-24'),
	(572,'2019-02-25'),
	(573,'2019-02-26'),
	(574,'2019-02-27'),
	(575,'2019-02-28'),
	(576,'2019-03-01'),
	(577,'2019-03-02'),
	(578,'2019-03-03'),
	(579,'2019-03-04'),
	(580,'2019-03-05'),
	(581,'2019-03-06'),
	(582,'2019-03-07'),
	(583,'2019-03-08'),
	(584,'2019-03-09'),
	(585,'2019-03-10'),
	(586,'2019-03-11'),
	(587,'2019-03-12'),
	(588,'2019-03-13'),
	(589,'2019-03-14'),
	(590,'2019-03-15'),
	(591,'2019-03-16'),
	(592,'2019-03-17'),
	(593,'2019-03-18'),
	(594,'2019-03-19'),
	(595,'2019-03-20'),
	(596,'2019-03-21'),
	(597,'2019-03-22'),
	(598,'2019-03-23'),
	(599,'2019-03-24'),
	(600,'2019-03-25'),
	(601,'2019-03-26'),
	(602,'2019-03-27'),
	(603,'2019-03-28'),
	(604,'2019-03-29'),
	(605,'2019-03-30'),
	(606,'2019-03-31'),
	(607,'2019-04-01'),
	(608,'2019-04-02'),
	(609,'2019-04-03'),
	(610,'2019-04-04'),
	(611,'2019-04-05'),
	(612,'2019-04-06'),
	(613,'2019-04-07'),
	(614,'2019-04-08'),
	(615,'2019-04-09'),
	(616,'2019-04-10'),
	(617,'2019-04-11'),
	(618,'2019-04-12'),
	(619,'2019-04-13'),
	(620,'2019-04-14'),
	(621,'2019-04-15'),
	(622,'2019-04-16'),
	(623,'2019-04-17'),
	(624,'2019-04-18'),
	(625,'2019-04-19'),
	(626,'2019-04-20'),
	(627,'2019-04-21'),
	(628,'2019-04-22'),
	(629,'2019-04-23'),
	(630,'2019-04-24'),
	(631,'2019-04-25'),
	(632,'2019-04-26'),
	(633,'2019-04-27'),
	(634,'2019-04-28'),
	(637,'2019-04-29'),
	(638,'2019-04-30'),
	(636,'2019-05-01'),
	(639,'2019-05-02'),
	(640,'2019-05-03'),
	(641,'2019-05-04'),
	(642,'2019-05-05'),
	(653,'2019-05-06'),
	(654,'2019-05-07'),
	(655,'2019-05-08'),
	(656,'2019-05-09'),
	(657,'2019-05-10'),
	(658,'2019-05-11'),
	(659,'2019-05-12'),
	(660,'2019-05-13'),
	(661,'2019-05-14'),
	(662,'2019-05-15'),
	(663,'2019-05-16'),
	(664,'2019-05-17'),
	(665,'2019-05-18'),
	(666,'2019-05-19'),
	(667,'2019-05-20'),
	(668,'2019-05-21'),
	(669,'2019-05-22'),
	(670,'2019-05-23'),
	(671,'2019-05-24'),
	(672,'2019-05-25'),
	(673,'2019-05-26'),
	(674,'2019-05-27'),
	(675,'2019-05-28'),
	(676,'2019-05-29'),
	(645,'2019-05-30'),
	(677,'2019-05-31'),
	(678,'2019-06-01'),
	(679,'2019-06-02'),
	(680,'2019-06-03'),
	(681,'2019-06-04'),
	(682,'2019-06-05'),
	(683,'2019-06-06'),
	(684,'2019-06-07'),
	(685,'2019-06-08'),
	(686,'2019-06-09'),
	(646,'2019-06-10'),
	(687,'2019-06-11'),
	(688,'2019-06-12'),
	(689,'2019-06-13'),
	(690,'2019-06-14'),
	(691,'2019-06-15'),
	(692,'2019-06-16'),
	(693,'2019-06-17'),
	(694,'2019-06-18'),
	(695,'2019-06-19'),
	(696,'2019-06-20'),
	(697,'2019-06-21'),
	(698,'2019-06-22'),
	(699,'2019-06-23'),
	(700,'2019-06-24'),
	(701,'2019-06-25'),
	(702,'2019-06-26'),
	(703,'2019-06-27'),
	(704,'2019-06-28'),
	(705,'2019-07-01'),
	(706,'2019-07-02'),
	(707,'2019-07-03'),
	(708,'2019-07-04'),
	(709,'2019-07-05'),
	(710,'2019-07-06'),
	(711,'2019-07-07'),
	(712,'2019-07-08'),
	(713,'2019-07-09'),
	(714,'2019-07-10'),
	(715,'2019-07-11'),
	(716,'2019-07-12'),
	(717,'2019-07-13'),
	(718,'2019-07-14'),
	(719,'2019-07-15'),
	(720,'2019-07-16'),
	(721,'2019-07-17'),
	(722,'2019-07-18'),
	(723,'2019-07-19'),
	(724,'2019-07-20'),
	(725,'2019-07-21'),
	(726,'2019-07-22'),
	(727,'2019-07-23'),
	(728,'2019-07-24'),
	(729,'2019-07-25'),
	(730,'2019-07-26'),
	(731,'2019-07-27'),
	(732,'2019-07-28'),
	(733,'2019-07-29'),
	(734,'2019-07-30'),
	(735,'2019-07-31'),
	(736,'2019-08-01'),
	(737,'2019-08-02'),
	(738,'2019-08-03'),
	(739,'2019-08-04'),
	(651,'2019-08-05'),
	(652,'2019-08-06'),
	(740,'2019-08-07'),
	(741,'2019-08-08'),
	(742,'2019-08-09'),
	(743,'2019-08-10'),
	(744,'2019-08-11'),
	(745,'2019-08-12'),
	(746,'2019-08-13'),
	(747,'2019-08-14'),
	(748,'2019-08-15'),
	(749,'2019-08-16'),
	(750,'2019-08-17'),
	(751,'2019-08-18'),
	(752,'2019-08-19'),
	(753,'2019-08-20'),
	(754,'2019-08-21'),
	(755,'2019-08-22'),
	(756,'2019-08-23'),
	(757,'2019-08-24'),
	(758,'2019-08-25'),
	(759,'2019-08-26'),
	(760,'2019-08-27'),
	(761,'2019-08-28'),
	(762,'2019-08-29'),
	(763,'2019-08-30'),
	(764,'2019-08-31'),
	(765,'2019-09-01'),
	(766,'2019-09-02'),
	(767,'2019-09-03'),
	(768,'2019-09-04'),
	(769,'2019-09-05'),
	(770,'2019-09-06'),
	(771,'2019-09-07'),
	(772,'2019-09-08'),
	(773,'2019-09-09'),
	(774,'2019-09-10'),
	(775,'2019-09-11'),
	(776,'2019-09-12'),
	(777,'2019-09-13'),
	(778,'2019-09-14'),
	(779,'2019-09-15'),
	(780,'2019-09-16'),
	(781,'2019-09-17'),
	(782,'2019-09-18'),
	(783,'2019-09-19'),
	(784,'2019-09-20'),
	(785,'2019-09-21'),
	(786,'2019-09-22'),
	(787,'2019-09-23'),
	(788,'2019-09-24'),
	(789,'2019-09-25'),
	(790,'2019-09-26'),
	(791,'2019-09-27'),
	(792,'2019-09-28'),
	(793,'2019-09-29'),
	(794,'2019-09-30'),
	(795,'2019-10-01'),
	(796,'2019-10-02'),
	(647,'2019-10-03'),
	(797,'2019-10-04'),
	(798,'2019-10-05'),
	(799,'2019-10-06'),
	(800,'2019-10-07'),
	(801,'2019-10-08'),
	(802,'2019-10-09'),
	(803,'2019-10-10'),
	(804,'2019-10-11'),
	(805,'2019-10-12'),
	(806,'2019-10-13'),
	(807,'2019-10-14'),
	(808,'2019-10-15'),
	(809,'2019-10-16'),
	(810,'2019-10-17'),
	(811,'2019-10-18'),
	(812,'2019-10-19'),
	(813,'2019-10-20'),
	(814,'2019-10-21'),
	(815,'2019-10-22'),
	(816,'2019-10-23'),
	(817,'2019-10-24'),
	(818,'2019-10-25'),
	(819,'2019-10-26'),
	(820,'2019-10-27'),
	(821,'2019-10-28'),
	(822,'2019-10-29'),
	(823,'2019-10-30'),
	(648,'2019-10-31'),
	(824,'2019-11-01'),
	(825,'2019-11-02'),
	(826,'2019-11-03'),
	(827,'2019-11-04'),
	(828,'2019-11-05'),
	(829,'2019-11-06'),
	(830,'2019-11-07'),
	(831,'2019-11-08'),
	(832,'2019-11-09'),
	(833,'2019-11-10'),
	(834,'2019-11-11'),
	(835,'2019-11-12'),
	(836,'2019-11-13'),
	(837,'2019-11-14'),
	(838,'2019-11-15'),
	(839,'2019-11-16'),
	(840,'2019-11-17'),
	(841,'2019-11-18'),
	(842,'2019-11-19'),
	(843,'2019-11-20'),
	(844,'2019-11-21'),
	(845,'2019-11-22'),
	(846,'2019-11-23'),
	(847,'2019-11-24'),
	(848,'2019-11-25'),
	(849,'2019-11-26'),
	(850,'2019-11-27'),
	(851,'2019-11-28'),
	(852,'2019-11-29'),
	(853,'2019-11-30'),
	(854,'2019-12-01'),
	(649,'2019-12-25'),
	(650,'2019-12-26');

/*!40000 ALTER TABLE `dates` ENABLE KEYS */;
UNLOCK TABLES;


# Export von Tabelle days_to_tasks
# ------------------------------------------------------------

DROP TABLE IF EXISTS `days_to_tasks`;

CREATE TABLE `days_to_tasks` (
  `IDdaysToTaks` int(10) unsigned NOT NULL AUTO_INCREMENT,
  `oneDay` int(10) unsigned NOT NULL,
  `task` int(10) unsigned NOT NULL,
  PRIMARY KEY (`IDdaysToTaks`),
  KEY `days_to_tasks_oneday_foreign` (`oneDay`),
  KEY `days_to_tasks_task_foreign` (`task`),
  CONSTRAINT `days_to_tasks_oneday_foreign` FOREIGN KEY (`oneDay`) REFERENCES `one_days` (`IDoneDay`),
  CONSTRAINT `days_to_tasks_task_foreign` FOREIGN KEY (`task`) REFERENCES `tasks` (`IDtasks`)
) ENGINE=InnoDB DEFAULT CHARSET=utf8mb4 COLLATE=utf8mb4_unicode_ci;

LOCK TABLES `days_to_tasks` WRITE;
/*!40000 ALTER TABLE `days_to_tasks` DISABLE KEYS */;

INSERT INTO `days_to_tasks` (`IDdaysToTaks`, `oneDay`, `task`)
VALUES
	(1101,195,79),
	(1104,195,133),
	(1123,196,53),
	(1609,195,20),
	(2065,196,130),
	(2066,196,20),
	(2069,2,61),
	(2070,2,44),
	(2071,2,14),
	(2072,2,157),
	(2077,4,96),
	(2078,4,55),
	(2079,5,60),
	(2080,5,48),
	(2081,5,25),
	(2082,5,27),
	(2083,6,54),
	(2084,6,69),
	(2085,6,129),
	(2086,7,151),
	(2087,7,29),
	(2088,9,13),
	(2089,9,114),
	(2090,9,106),
	(2091,10,114),
	(2092,10,139),
	(2093,10,139),
	(2094,10,54),
	(2095,11,73),
	(2096,11,18),
	(2098,13,13),
	(2099,13,79),
	(2100,13,92),
	(2101,14,120),
	(2102,14,78),
	(2103,14,14),
	(2104,15,141),
	(2105,15,154),
	(2106,15,96),
	(2107,16,141),
	(2108,16,22),
	(2109,17,34),
	(2110,17,27),
	(2111,17,23),
	(2112,18,75),
	(2113,18,7),
	(2118,20,72),
	(2119,20,102),
	(2120,20,148),
	(2121,20,134),
	(2122,21,123),
	(2123,22,137),
	(2124,22,49),
	(2125,23,29),
	(2126,23,87),
	(2127,23,16),
	(2128,24,82),
	(2129,25,120),
	(2130,25,39),
	(2137,27,89),
	(2138,27,95),
	(2139,27,32),
	(2140,28,26),
	(2141,29,63),
	(2142,29,98),
	(2143,30,100),
	(2144,30,20),
	(2145,31,150),
	(2146,31,78),
	(2147,32,44),
	(2148,32,81),
	(2154,34,79),
	(2155,34,96),
	(2156,34,131),
	(2157,35,137),
	(2158,35,54),
	(2159,36,82),
	(2160,37,6),
	(2161,37,45),
	(2162,38,31),
	(2163,38,61),
	(2164,38,102),
	(2165,39,56),
	(2167,41,53),
	(2168,41,69),
	(2169,41,102),
	(2170,42,113),
	(2171,42,14),
	(2172,43,120),
	(2173,43,135),
	(2174,44,151),
	(2175,44,7),
	(2176,45,145),
	(2177,45,141),
	(2178,45,88),
	(2179,45,85),
	(2180,46,123),
	(2183,48,70),
	(2184,48,135),
	(2185,48,67),
	(2186,49,129),
	(2187,49,78),
	(2188,49,71),
	(2189,49,97),
	(2190,49,77),
	(2191,50,63),
	(2192,50,44),
	(2193,51,157),
	(2194,51,70),
	(2195,51,27),
	(2196,51,38),
	(2197,52,69),
	(2198,52,18),
	(2199,53,48),
	(2200,53,67),
	(2201,53,130),
	(2202,53,2),
	(2207,55,73),
	(2208,55,157),
	(2209,55,90),
	(2210,55,98),
	(2211,56,119),
	(2212,56,140),
	(2213,57,137),
	(2214,57,13),
	(2215,57,116),
	(2216,58,31),
	(2217,58,60),
	(2218,58,93),
	(2219,58,91),
	(2220,59,61),
	(2221,59,117),
	(2222,59,134),
	(2223,60,151),
	(2224,60,37),
	(2229,62,59),
	(2230,62,18),
	(2231,63,92),
	(2232,63,147),
	(2233,63,72),
	(2234,64,57),
	(2235,64,18),
	(2236,64,116),
	(2237,64,51),
	(2238,65,61),
	(2239,65,92),
	(2240,66,25),
	(2241,66,22),
	(2242,66,136),
	(2243,67,144),
	(2244,67,107),
	(2245,67,88),
	(2247,69,64),
	(2248,70,25),
	(2249,70,106),
	(2250,70,37),
	(2251,70,14),
	(2252,70,130),
	(2253,71,125),
	(2254,71,37),
	(2255,72,97),
	(2256,72,118),
	(2257,72,154),
	(2258,72,116),
	(2259,73,75),
	(2260,73,86),
	(2261,74,99),
	(2262,74,117),
	(2265,76,55),
	(2266,76,46),
	(2267,77,141),
	(2268,77,146),
	(2269,77,96),
	(2274,79,62),
	(2275,79,154),
	(2276,80,4),
	(2277,80,156),
	(2286,83,12),
	(2287,83,31),
	(2297,87,38),
	(2298,87,88),
	(2299,87,147),
	(2300,87,78),
	(2308,92,31),
	(2309,92,146),
	(2310,92,133),
	(2313,94,9),
	(2322,97,90),
	(2323,97,149),
	(2324,98,33),
	(2325,98,116),
	(2326,98,98),
	(2327,98,145),
	(2328,98,143),
	(2329,99,139),
	(2330,99,73),
	(2331,99,73),
	(2332,99,95),
	(2333,99,30),
	(2334,100,36),
	(2335,100,88),
	(2336,101,91),
	(2337,101,14),
	(2338,101,156),
	(2339,101,96),
	(2346,104,75),
	(2347,104,87),
	(2348,105,151),
	(2349,105,128),
	(2350,106,52),
	(2351,106,4),
	(2352,106,11),
	(2353,107,24),
	(2354,107,30),
	(2355,108,26),
	(2356,109,131),
	(2357,109,7),
	(2358,109,94),
	(2359,109,23),
	(2362,111,126),
	(2363,112,149),
	(2364,112,30),
	(2365,112,7),
	(2366,112,134),
	(2367,113,61),
	(2368,113,85),
	(2369,113,45),
	(2370,114,35),
	(2371,115,129),
	(2372,115,119),
	(2373,115,48),
	(2374,116,112),
	(2375,116,13),
	(2376,116,102),
	(2377,116,71),
	(2378,117,147),
	(2379,117,155),
	(2380,117,68),
	(2381,118,75),
	(2382,118,7),
	(2383,119,150),
	(2384,119,45),
	(2385,120,83),
	(2386,120,48),
	(2387,121,25),
	(2388,121,156),
	(2389,121,2),
	(2390,122,5),
	(2391,122,20),
	(2392,122,51),
	(2393,123,41),
	(2394,123,145),
	(2395,123,139),
	(2396,124,133),
	(2397,124,13),
	(2398,124,96),
	(2399,124,88),
	(2400,125,152),
	(2401,126,140),
	(2402,126,71),
	(2403,126,72),
	(2404,126,102),
	(2405,126,77),
	(2406,127,56),
	(2407,128,52),
	(2408,128,143),
	(2409,128,22),
	(2410,128,77),
	(2411,128,145),
	(2412,129,147),
	(2413,129,54),
	(2414,129,48),
	(2415,130,155),
	(2416,130,45),
	(2417,130,48),
	(2421,132,106),
	(2422,132,111),
	(2423,132,2),
	(2424,133,141),
	(2425,133,46),
	(2426,133,89),
	(2427,134,40),
	(2428,134,57),
	(2429,134,22),
	(2430,135,100),
	(2431,135,15),
	(2432,136,112),
	(2433,136,110),
	(2434,137,79),
	(2435,137,67),
	(2436,137,70),
	(2437,138,125),
	(2438,138,157),
	(2439,139,49),
	(2440,139,61),
	(2441,140,11),
	(2442,140,78),
	(2443,140,13),
	(2444,140,20),
	(2445,141,155),
	(2446,141,116),
	(2447,141,106),
	(2448,141,25),
	(2449,142,113),
	(2450,142,116),
	(2451,143,141),
	(2452,143,72),
	(2453,143,66),
	(2454,144,58),
	(2455,144,78),
	(2456,144,108),
	(2457,144,37),
	(2458,145,14),
	(2459,145,71),
	(2460,145,130),
	(2461,145,27),
	(2462,145,128),
	(2463,145,131),
	(2464,146,84),
	(2465,146,28),
	(2466,146,47),
	(2467,147,107),
	(2468,147,32),
	(2469,147,45),
	(2470,147,7),
	(2471,147,93),
	(2472,148,112),
	(2473,148,116),
	(2474,148,89),
	(2475,148,127),
	(2476,149,64),
	(2477,150,113),
	(2478,150,28),
	(2479,151,137),
	(2480,151,157),
	(2481,151,129),
	(2482,152,99),
	(2483,152,116),
	(2484,152,25),
	(2485,153,18),
	(2486,153,15),
	(2487,153,93),
	(2488,153,66),
	(2489,154,50),
	(2490,154,94),
	(2491,155,133),
	(2492,155,92),
	(2493,155,29),
	(2494,156,151),
	(2495,156,29),
	(2496,157,152),
	(2497,158,69),
	(2498,158,40),
	(2499,158,98),
	(2500,159,80),
	(2501,159,109),
	(2502,159,67),
	(2503,160,139),
	(2504,160,80),
	(2505,160,117),
	(2506,160,44),
	(2507,161,35),
	(2508,162,57),
	(2509,162,130),
	(2510,162,158),
	(2511,163,149),
	(2512,163,78),
	(2513,163,88),
	(2514,164,24),
	(2515,164,157),
	(2516,165,82),
	(2517,166,113),
	(2518,166,7),
	(2519,167,104),
	(2520,167,7),
	(2521,167,96),
	(2522,168,43),
	(2523,169,55),
	(2524,169,28),
	(2525,170,75),
	(2526,170,29),
	(2527,171,63),
	(2528,171,29),
	(2529,172,26),
	(2530,173,4),
	(2531,173,135),
	(2532,173,78),
	(2533,174,110),
	(2534,174,146),
	(2535,174,58),
	(2536,175,87),
	(2537,175,49),
	(2538,175,66),
	(2539,175,95),
	(2540,176,18),
	(2541,176,21),
	(2542,176,153),
	(2543,176,96),
	(2544,177,18),
	(2545,177,13),
	(2546,177,7),
	(2547,178,78),
	(2548,178,34),
	(2549,179,137),
	(2550,179,25),
	(2551,179,129),
	(2552,180,36),
	(2553,180,66),
	(2554,181,107),
	(2555,181,75),
	(2556,182,118),
	(2557,182,18),
	(2558,183,6),
	(2559,183,88),
	(2560,183,20),
	(2561,184,26),
	(2562,185,8),
	(2563,185,45),
	(2564,186,18),
	(2565,186,39),
	(2566,187,109),
	(2567,187,128),
	(2568,187,52),
	(2569,187,128),
	(2570,187,89),
	(2571,188,120),
	(2572,188,95),
	(2573,189,120),
	(2574,189,58),
	(2575,189,91),
	(2576,190,100),
	(2577,190,96),
	(2578,191,147),
	(2579,191,23),
	(2580,191,1),
	(2581,192,154),
	(2582,192,137),
	(2583,192,102),
	(2584,193,18),
	(2585,193,107),
	(2586,193,45),
	(2587,194,118),
	(2588,194,102),
	(2589,194,14),
	(2590,194,153),
	(2591,194,146),
	(2592,5,126),
	(2593,6,89),
	(2594,6,128),
	(2595,6,97),
	(2596,6,42),
	(2597,6,88),
	(2598,6,117),
	(2599,6,43),
	(2602,13,22),
	(2603,13,112),
	(2604,13,45),
	(2605,13,152),
	(2607,20,89),
	(2608,20,148),
	(2609,20,113),
	(2610,20,84),
	(2611,20,109),
	(2612,20,61),
	(2613,20,50),
	(2614,20,5),
	(2615,20,30),
	(2616,20,61),
	(2617,20,78),
	(2618,20,133),
	(2619,20,154),
	(2620,20,30),
	(2621,20,62),
	(2622,20,139),
	(2623,20,156),
	(2624,20,52),
	(2625,20,63),
	(2626,20,22),
	(2627,20,103),
	(2631,27,135),
	(2632,27,5),
	(2633,27,67),
	(2634,27,81),
	(2635,27,87),
	(2636,27,121),
	(2637,27,70),
	(2638,27,151),
	(2639,27,95),
	(2640,27,63),
	(2641,27,145),
	(2642,27,151),
	(2643,27,156),
	(2644,27,72),
	(2645,27,50),
	(2646,27,140),
	(2647,27,153),
	(2648,27,139),
	(2649,27,10),
	(2650,27,103),
	(2668,34,126),
	(2690,41,4),
	(2691,41,73),
	(2692,41,16),
	(2693,41,74),
	(2694,41,29),
	(2695,41,115),
	(2698,48,152),
	(2708,55,118),
	(2709,55,55),
	(2710,55,108),
	(2711,55,122),
	(2712,55,69),
	(2713,55,90),
	(2714,55,62),
	(2715,55,39),
	(2716,55,64),
	(2718,62,98),
	(2719,62,19),
	(2720,62,26),
	(2727,69,13),
	(2728,69,50),
	(2729,69,154),
	(2730,69,12),
	(2731,69,108),
	(2732,69,104),
	(2733,69,18),
	(2734,69,81),
	(2735,69,93),
	(2736,69,120),
	(2737,69,124),
	(2738,69,69),
	(2739,69,94),
	(2740,69,109),
	(2741,69,146),
	(2742,69,137),
	(2743,69,107),
	(2744,69,40),
	(2745,69,153),
	(2746,69,157),
	(2747,69,148),
	(2748,69,141),
	(2749,69,137),
	(2750,69,56),
	(2756,76,63),
	(2757,76,108),
	(2758,76,131),
	(2759,76,122),
	(2760,76,28),
	(2761,76,49),
	(2762,76,18),
	(2763,76,147),
	(2764,76,140),
	(2765,76,79),
	(2766,76,82),
	(2772,83,18),
	(2773,83,117),
	(2774,83,39),
	(2775,83,21),
	(2776,83,75),
	(2777,83,1),
	(2778,83,126),
	(2831,97,56),
	(2836,104,136),
	(2837,104,67),
	(2838,104,80),
	(2839,104,120),
	(2840,104,36),
	(2841,104,78),
	(2842,104,32),
	(2843,104,137),
	(2844,104,52),
	(2845,104,78),
	(2846,104,16),
	(2847,104,2),
	(2848,104,8),
	(2849,104,66),
	(2850,104,16),
	(2851,104,87),
	(2852,104,109),
	(2853,104,115),
	(2864,111,127),
	(2865,111,104),
	(2866,111,44),
	(2867,111,64),
	(2868,117,104),
	(2869,117,58),
	(2870,117,65),
	(2871,117,86),
	(2872,117,103),
	(2873,118,127),
	(2874,118,9),
	(2875,124,118),
	(2876,124,153),
	(2877,124,2),
	(2878,124,125),
	(2879,124,115),
	(2880,125,126),
	(2893,132,137),
	(2894,132,30),
	(2895,132,92),
	(2896,132,84),
	(2897,132,152),
	(2898,138,148),
	(2899,138,110),
	(2900,138,106),
	(2901,138,49),
	(2902,138,72),
	(2903,138,150),
	(2904,138,141),
	(2905,138,32),
	(2906,138,103),
	(2907,139,119),
	(2908,139,12),
	(2909,139,84),
	(2910,139,41),
	(2911,139,41),
	(2912,139,142),
	(2913,139,137),
	(2914,139,24),
	(2915,139,96),
	(2916,139,115),
	(2917,140,108),
	(2918,140,135),
	(2919,140,120),
	(2920,140,76),
	(2921,141,94),
	(2922,141,54),
	(2923,141,87),
	(2924,141,117),
	(2925,141,86),
	(2926,141,1),
	(2927,141,60),
	(2928,141,33),
	(2929,141,135),
	(2930,141,124),
	(2931,141,114),
	(2932,141,20),
	(2933,141,115),
	(2934,142,13),
	(2935,142,156),
	(2936,142,137),
	(2937,142,69),
	(2938,142,121),
	(2939,142,73),
	(2940,142,78),
	(2941,142,12),
	(2942,142,62),
	(2943,142,79),
	(2944,142,156),
	(2945,142,150),
	(2946,142,141),
	(2947,142,122),
	(2948,142,81),
	(2949,142,17),
	(2950,142,35),
	(2951,143,98),
	(2952,143,48),
	(2953,143,80),
	(2954,143,33),
	(2955,143,106),
	(2956,143,25),
	(2957,143,149),
	(2958,143,108),
	(2959,143,23),
	(2960,143,22),
	(2961,143,81),
	(2962,143,129),
	(2963,143,94),
	(2964,143,70),
	(2965,143,144),
	(2966,143,35),
	(2967,151,29),
	(2968,151,18),
	(2969,151,15),
	(2970,151,149),
	(2971,151,1),
	(2972,151,41),
	(2973,151,149),
	(2974,151,115),
	(2975,158,83),
	(2976,158,122),
	(2977,158,146),
	(2978,158,126),
	(2979,160,16),
	(2980,160,126),
	(2981,168,82),
	(2982,204,141),
	(2983,204,117),
	(2984,204,105),
	(2985,205,154),
	(2986,205,18),
	(2987,205,93),
	(2993,208,11),
	(2994,208,32),
	(2995,208,94),
	(2996,209,44),
	(2997,209,41),
	(2998,209,128),
	(2999,210,85),
	(3000,210,150),
	(3001,210,153),
	(3002,5,22),
	(3003,5,26),
	(3004,6,112),
	(3005,6,31),
	(3006,6,64),
	(3010,13,90),
	(3011,13,75),
	(3012,13,150),
	(3013,13,103),
	(3018,20,148),
	(3019,20,69),
	(3020,20,155),
	(3021,20,83),
	(3022,20,81),
	(3023,20,147),
	(3024,20,108),
	(3025,20,111),
	(3026,20,18),
	(3027,20,11),
	(3028,20,18),
	(3029,20,56),
	(3032,27,77),
	(3033,27,138),
	(3034,27,87),
	(3035,27,31),
	(3036,27,72),
	(3037,27,119),
	(3038,27,101),
	(3042,34,91),
	(3043,34,152),
	(3045,41,45),
	(3046,41,11),
	(3047,41,7),
	(3048,41,118),
	(3049,41,17),
	(3050,41,137),
	(3051,41,96),
	(3052,41,141),
	(3053,41,78),
	(3054,41,85),
	(3055,41,123),
	(3058,48,2),
	(3059,48,150),
	(3060,48,41),
	(3061,48,156),
	(3062,48,36),
	(3063,48,61),
	(3064,48,69),
	(3065,48,126),
	(3073,55,130),
	(3074,55,108),
	(3075,55,8),
	(3076,55,122),
	(3077,55,70),
	(3078,55,4),
	(3079,55,61),
	(3080,55,69),
	(3081,55,139),
	(3082,55,61),
	(3083,55,36),
	(3084,55,126),
	(3092,62,89),
	(3093,62,9),
	(3110,69,49),
	(3111,69,91),
	(3112,69,100),
	(3113,69,138),
	(3114,69,16),
	(3115,69,9),
	(3121,76,39),
	(3122,76,141),
	(3123,76,62),
	(3124,76,95),
	(3125,76,35),
	(3131,83,119),
	(3132,83,112),
	(3133,83,117),
	(3134,83,61),
	(3135,83,156),
	(3136,83,75),
	(3137,83,156),
	(3138,83,81),
	(3139,83,68),
	(3140,83,55),
	(3141,83,61),
	(3142,83,117),
	(3143,83,44),
	(3144,83,141),
	(3145,83,81),
	(3146,83,4),
	(3147,83,118),
	(3148,83,151),
	(3149,83,18),
	(3150,83,137),
	(3151,83,75),
	(3152,83,4),
	(3153,83,22),
	(3154,83,137),
	(3155,83,2),
	(3156,83,121),
	(3157,83,43),
	(3196,97,118),
	(3197,97,113),
	(3198,97,129),
	(3199,97,117),
	(3200,97,130),
	(3201,97,106),
	(3202,97,53),
	(3203,97,157),
	(3204,97,107),
	(3205,97,59),
	(3206,97,81),
	(3207,97,101),
	(3210,104,2),
	(3211,104,118),
	(3212,104,85),
	(3213,104,123),
	(3225,111,5),
	(3226,111,115),
	(3227,117,39),
	(3228,117,78),
	(3229,117,156),
	(3230,117,18),
	(3231,117,136),
	(3232,117,81),
	(3233,117,55),
	(3234,117,119),
	(3235,117,35),
	(3236,118,18),
	(3237,118,82),
	(3238,124,19),
	(3239,124,149),
	(3240,124,125),
	(3241,124,117),
	(3242,124,126),
	(3243,125,32),
	(3244,125,111),
	(3245,125,44),
	(3246,125,108),
	(3247,125,38),
	(3248,125,155),
	(3249,125,106),
	(3250,125,40),
	(3251,125,96),
	(3252,125,45),
	(3253,125,55),
	(3254,125,113),
	(3255,125,20),
	(3256,125,64),
	(3260,132,49),
	(3261,132,58),
	(3262,132,75),
	(3263,132,40),
	(3264,132,133),
	(3265,132,4),
	(3266,132,81),
	(3267,132,118),
	(3268,132,141),
	(3269,132,137),
	(3270,132,61),
	(3271,132,84),
	(3272,132,125),
	(3273,132,125),
	(3274,132,149),
	(3275,132,75),
	(3276,132,120),
	(3277,132,43),
	(3278,138,43),
	(3279,139,82),
	(3297,3,168),
	(3298,3,169),
	(3299,3,170),
	(3300,3,171),
	(3379,78,89),
	(3380,78,128),
	(3381,78,4),
	(3382,78,105),
	(3383,78,20),
	(3449,81,61),
	(3450,81,135),
	(3460,86,61),
	(3461,86,97),
	(3462,86,44),
	(3478,85,52),
	(3479,85,129),
	(3480,85,147),
	(3481,85,30),
	(3485,90,56),
	(3497,88,97),
	(3498,88,73),
	(3499,88,146),
	(3500,88,88),
	(3503,89,104),
	(3504,89,20),
	(3505,89,14),
	(3506,1,42),
	(3507,1,98),
	(3508,103,84),
	(3509,103,13),
	(3510,12,145),
	(3511,12,79),
	(3512,12,98),
	(3513,12,94),
	(3514,12,96),
	(3515,19,49),
	(3516,19,137),
	(3517,26,48),
	(3518,26,159),
	(3519,26,134),
	(3520,26,89),
	(3521,33,141),
	(3522,33,4),
	(3523,40,44),
	(3524,40,124),
	(3525,40,15),
	(3526,82,33),
	(3527,82,38),
	(3528,82,48),
	(3529,75,141),
	(3530,75,73),
	(3531,68,59),
	(3532,68,143),
	(3533,68,30),
	(3534,68,86),
	(3535,68,94),
	(3536,61,124),
	(3537,61,146),
	(3538,54,56),
	(3539,47,140),
	(3540,47,32),
	(3541,47,65),
	(3542,102,46),
	(3543,102,59),
	(3544,102,158),
	(3545,96,64),
	(3546,95,31),
	(3547,95,18),
	(3548,95,77),
	(3549,110,151),
	(3550,110,66),
	(3551,5,141),
	(3552,5,161),
	(3553,5,76),
	(3554,6,64),
	(3555,13,120),
	(3556,13,126),
	(3557,14,141),
	(3558,14,96),
	(3559,14,146),
	(3560,14,76),
	(3561,20,64),
	(3562,21,6),
	(3563,21,58),
	(3564,21,10),
	(3565,21,61),
	(3566,21,41),
	(3567,21,73),
	(3568,21,53),
	(3569,21,9),
	(3570,27,147),
	(3571,27,69),
	(3572,27,10),
	(3573,27,44),
	(3574,27,18),
	(3575,27,45),
	(3576,27,153),
	(3577,27,99),
	(3578,27,101),
	(3579,28,97),
	(3580,28,159),
	(3581,28,90),
	(3582,28,10),
	(3583,28,149),
	(3584,28,35),
	(3585,34,156),
	(3586,34,125),
	(3587,34,113),
	(3588,34,18),
	(3589,34,137),
	(3590,34,156),
	(3591,34,117),
	(3592,34,51),
	(3593,34,156),
	(3594,34,104),
	(3595,34,6),
	(3596,34,22),
	(3597,34,26),
	(3598,35,18),
	(3599,35,64),
	(3600,41,86),
	(3601,41,69),
	(3602,41,131),
	(3603,41,83),
	(3604,41,12),
	(3605,41,18),
	(3606,41,112),
	(3607,41,148),
	(3608,41,120),
	(3609,41,118),
	(3610,41,64),
	(3611,42,143),
	(3612,42,68),
	(3613,42,1),
	(3614,42,57),
	(3615,42,120),
	(3616,42,110),
	(3617,42,45),
	(3618,42,138),
	(3619,42,148),
	(3620,42,120),
	(3621,42,97),
	(3622,42,55),
	(3623,42,132),
	(3624,42,149),
	(3625,42,99),
	(3626,42,155),
	(3627,42,21),
	(3628,42,72),
	(3629,42,18),
	(3630,42,53),
	(3631,42,10),
	(3632,42,148),
	(3633,42,87),
	(3634,42,10),
	(3635,42,126),
	(3636,48,130),
	(3637,48,141),
	(3638,48,111),
	(3639,48,104),
	(3640,48,152),
	(3641,49,34),
	(3642,49,155),
	(3643,49,31),
	(3644,49,158),
	(3645,49,9),
	(3646,50,45),
	(3647,50,101),
	(3648,55,137),
	(3649,55,101),
	(3650,56,149),
	(3651,56,46),
	(3652,56,77),
	(3653,56,2),
	(3654,56,59),
	(3655,56,88),
	(3656,56,97),
	(3657,56,55),
	(3658,56,85),
	(3659,56,27),
	(3660,56,79),
	(3661,56,2),
	(3662,56,103),
	(3663,62,94),
	(3664,62,55),
	(3665,62,19),
	(3666,62,31),
	(3667,62,79),
	(3668,62,162),
	(3669,62,109),
	(3670,62,112),
	(3671,62,105),
	(3672,62,101),
	(3673,63,113),
	(3674,63,49),
	(3675,63,99),
	(3676,63,17),
	(3677,63,136),
	(3678,63,82),
	(3679,69,24),
	(3680,69,18),
	(3681,69,80),
	(3682,69,85),
	(3683,69,16),
	(3684,69,159),
	(3685,69,99),
	(3686,69,162),
	(3687,69,153),
	(3688,69,95),
	(3689,69,18),
	(3690,69,22),
	(3691,69,160),
	(3692,69,110),
	(3693,69,75),
	(3694,69,56),
	(3695,70,90),
	(3696,70,19),
	(3697,70,114),
	(3698,70,52),
	(3699,70,113),
	(3700,70,18),
	(3701,70,72),
	(3702,70,103),
	(3703,76,140),
	(3704,76,101),
	(3705,77,132),
	(3706,77,99),
	(3707,77,115),
	(3708,83,89),
	(3709,83,31),
	(3710,83,71),
	(3711,83,76),
	(3712,84,156),
	(3713,84,144),
	(3714,84,120),
	(3715,84,110),
	(3716,84,142),
	(3717,84,43),
	(3718,90,63),
	(3719,90,138),
	(3720,90,20),
	(3721,90,62),
	(3722,90,154),
	(3723,90,18),
	(3724,90,93),
	(3725,90,117),
	(3726,90,100),
	(3727,90,36),
	(3728,90,67),
	(3729,90,42),
	(3730,90,74),
	(3731,90,123),
	(3732,91,103),
	(3733,97,49),
	(3734,97,52),
	(3735,97,126),
	(3736,98,109),
	(3737,98,148),
	(3738,98,13),
	(3739,98,142),
	(3740,98,7),
	(3741,98,50),
	(3742,98,78),
	(3743,98,135),
	(3744,98,5),
	(3745,98,92),
	(3746,98,160),
	(3747,98,149),
	(3748,98,142),
	(3749,98,77),
	(3750,98,154),
	(3751,98,146),
	(3752,98,64),
	(3753,104,59),
	(3754,104,125),
	(3755,104,120),
	(3756,104,30),
	(3757,104,120),
	(3758,104,61),
	(3759,104,111),
	(3760,104,124),
	(3761,104,89),
	(3762,104,34),
	(3763,104,149),
	(3764,104,133),
	(3765,104,24),
	(3766,104,141),
	(3767,104,100),
	(3768,104,158),
	(3769,104,19),
	(3770,104,133),
	(3771,104,138),
	(3772,104,119),
	(3773,104,99),
	(3774,104,19),
	(3775,104,61),
	(3776,104,151),
	(3777,104,29),
	(3778,104,18),
	(3779,104,77),
	(3780,104,133),
	(3781,104,137),
	(3782,104,106),
	(3783,104,81),
	(3784,104,67),
	(3785,104,101),
	(3786,105,38),
	(3787,105,137),
	(3788,105,80),
	(3789,105,45),
	(3790,105,63),
	(3791,105,68),
	(3792,105,122),
	(3793,105,95),
	(3794,105,63),
	(3795,105,68),
	(3796,105,121),
	(3797,105,97),
	(3798,105,45),
	(3799,105,144),
	(3800,105,158),
	(3801,105,103),
	(3802,111,109),
	(3803,111,136),
	(3804,111,114),
	(3805,111,130),
	(3806,111,24),
	(3807,111,8),
	(3808,111,2),
	(3809,111,35),
	(3810,112,18),
	(3811,112,82),
	(3812,118,92),
	(3813,118,101),
	(3814,119,52),
	(3815,119,100),
	(3816,119,62),
	(3817,119,85),
	(3818,119,49),
	(3819,119,18),
	(3820,119,101),
	(3821,125,9),
	(3822,126,106),
	(3823,126,66),
	(3824,126,81),
	(3825,126,54),
	(3826,126,57),
	(3827,126,75),
	(3828,126,76),
	(3829,132,18),
	(3830,132,55),
	(3831,132,125),
	(3832,132,59),
	(3833,132,6),
	(3834,132,140),
	(3835,132,75),
	(3836,132,35),
	(3837,133,76),
	(3838,139,105),
	(3839,139,101),
	(3840,140,45),
	(3841,140,112),
	(3842,140,60),
	(3843,140,81),
	(3844,140,154),
	(3845,140,128),
	(3846,140,18),
	(3847,140,36),
	(3848,140,103),
	(3849,146,147),
	(3850,146,151),
	(3851,146,120),
	(3852,146,43),
	(3853,147,157),
	(3854,147,58),
	(3855,147,53),
	(3856,147,140),
	(3857,147,5),
	(3858,147,131),
	(3859,147,119),
	(3860,147,150),
	(3861,147,150),
	(3862,147,83),
	(3863,147,88),
	(3864,147,142),
	(3865,147,151),
	(3866,147,142),
	(3867,147,18),
	(3868,147,1),
	(3869,147,156),
	(3870,147,119),
	(3871,147,136),
	(3872,147,52),
	(3873,147,152),
	(3874,148,84),
	(3875,148,158),
	(3876,148,149),
	(3877,148,39),
	(3878,148,91),
	(3879,148,10),
	(3880,148,61),
	(3881,148,80),
	(3882,148,106),
	(3883,148,1),
	(3884,148,103),
	(3885,153,111),
	(3886,153,23),
	(3887,153,41),
	(3888,153,79),
	(3889,153,24),
	(3890,153,127),
	(3891,153,103),
	(3892,154,120),
	(3893,154,104),
	(3894,154,72),
	(3895,154,68),
	(3896,154,149),
	(3897,154,141),
	(3898,154,149),
	(3899,154,137),
	(3900,154,112),
	(3901,154,129),
	(3902,154,136),
	(3903,154,10),
	(3904,154,83),
	(3905,154,11),
	(3906,154,145),
	(3907,154,92),
	(3908,154,26),
	(3909,155,17),
	(3910,155,62),
	(3911,155,101),
	(3912,157,82),
	(3913,160,58),
	(3914,160,19),
	(3915,160,132),
	(3916,160,24),
	(3917,160,67),
	(3918,160,113),
	(3919,160,43),
	(3920,161,122),
	(3921,161,137),
	(3922,161,16),
	(3923,161,70),
	(3924,161,12),
	(3925,161,151),
	(3926,161,81),
	(3927,161,18),
	(3928,161,140),
	(3929,161,101),
	(3930,165,100),
	(3931,165,22),
	(3932,165,21),
	(3933,165,63),
	(3934,165,42),
	(3935,165,120),
	(3936,165,92),
	(3937,165,75),
	(3938,165,22),
	(3939,165,47),
	(3940,165,59),
	(3941,165,129),
	(3942,165,75),
	(3943,165,20),
	(3944,165,49),
	(3945,165,158),
	(3946,165,49),
	(3947,165,100),
	(3948,165,26),
	(3949,167,25),
	(3950,167,144),
	(3951,167,31),
	(3952,167,148),
	(3953,167,63),
	(3954,167,56),
	(3955,168,96),
	(3956,168,143),
	(3957,168,155),
	(3958,168,94),
	(3959,168,137),
	(3960,168,50),
	(3961,168,10),
	(3962,168,111),
	(3963,168,72),
	(3964,168,125),
	(3965,168,108),
	(3966,168,146),
	(3967,168,144),
	(3968,168,36),
	(3969,168,97),
	(3970,168,56),
	(3971,174,35),
	(3972,175,4),
	(3973,175,155),
	(3974,175,82),
	(3975,181,33),
	(3976,181,64),
	(3977,182,50),
	(3978,182,13),
	(3979,182,129),
	(3980,182,42),
	(3981,182,67),
	(3982,182,75),
	(3983,182,149),
	(3984,182,151),
	(3985,182,89),
	(3986,182,129),
	(3987,182,43),
	(3988,188,42),
	(3989,188,78),
	(3990,188,148),
	(3991,188,156),
	(3992,188,46),
	(3993,188,152),
	(3994,189,46),
	(3995,189,156),
	(3996,189,137),
	(3997,189,81),
	(3998,189,14),
	(3999,189,26),
	(4000,195,61),
	(4001,195,45),
	(4002,195,121),
	(4003,195,129),
	(4004,195,108),
	(4005,195,24),
	(4006,195,104),
	(4007,195,9),
	(4008,196,40),
	(4009,196,61),
	(4010,196,17),
	(4011,196,45),
	(4012,196,5),
	(4013,196,102),
	(4014,196,18),
	(4015,196,38),
	(4016,196,58),
	(4017,196,82),
	(4018,209,114),
	(4019,209,23),
	(4020,209,144),
	(4021,209,73),
	(4022,209,64),
	(4023,210,101),
	(4024,211,43),
	(4025,212,46),
	(4026,212,122),
	(4027,213,159),
	(4028,213,72),
	(4029,213,89),
	(4030,213,87),
	(4031,214,19),
	(4032,214,23),
	(4033,215,56),
	(4034,216,130),
	(4035,216,147),
	(4036,216,48),
	(4037,216,138),
	(4038,216,12),
	(4039,216,19),
	(4040,216,80),
	(4041,216,37),
	(4042,216,112),
	(4043,216,19),
	(4044,216,52),
	(4045,216,19),
	(4046,216,71),
	(4047,216,157),
	(4048,216,66),
	(4049,216,103),
	(4050,217,22),
	(4051,217,68),
	(4052,217,64),
	(4053,218,76),
	(4054,219,79),
	(4055,219,137),
	(4056,220,10),
	(4057,220,65),
	(4058,221,83),
	(4059,221,45),
	(4060,222,7),
	(4061,222,104),
	(4062,222,15),
	(4063,223,122),
	(4064,223,131),
	(4065,223,63),
	(4066,223,86),
	(4067,223,97),
	(4068,223,50),
	(4069,223,42),
	(4070,223,22),
	(4071,223,160),
	(4072,223,115),
	(4073,224,126),
	(4074,225,96),
	(4075,225,58),
	(4076,225,106),
	(4077,225,2),
	(4078,225,98),
	(4079,226,24),
	(4080,226,134),
	(4081,227,59),
	(4082,227,2),
	(4083,227,85),
	(4084,227,134),
	(4085,227,91),
	(4086,228,151),
	(4087,228,93),
	(4088,229,72),
	(4089,229,87),
	(4090,229,78),
	(4091,229,109),
	(4092,230,79),
	(4093,230,66),
	(4094,230,76),
	(4095,231,34),
	(4096,231,70),
	(4097,231,14),
	(4098,231,124),
	(4099,231,101),
	(4100,232,126),
	(4101,233,160),
	(4102,233,46),
	(4103,233,38),
	(4104,233,68),
	(4105,234,146),
	(4106,234,48),
	(4107,234,78),
	(4108,234,14),
	(4109,234,46),
	(4110,235,131),
	(4111,235,33),
	(4112,236,55),
	(4113,236,107),
	(4114,237,24),
	(4115,237,118),
	(4116,237,20),
	(4117,237,100),
	(4118,237,77),
	(4119,237,63),
	(4120,237,85),
	(4121,237,146),
	(4122,237,62),
	(4123,237,72),
	(4124,237,123),
	(4125,238,87),
	(4126,238,129),
	(4127,238,59),
	(4128,238,34),
	(4129,238,101),
	(4130,239,1),
	(4131,239,22),
	(4132,239,145),
	(4133,240,141),
	(4134,240,95),
	(4135,241,160),
	(4136,241,96),
	(4137,241,30),
	(4138,241,143),
	(4139,241,145),
	(4140,242,78),
	(4141,242,114),
	(4142,242,15),
	(4143,242,47),
	(4144,243,35),
	(4145,244,126),
	(4146,245,162),
	(4147,245,58),
	(4148,245,52),
	(4149,245,58),
	(4150,245,19),
	(4151,245,117),
	(4152,245,18),
	(4153,245,156),
	(4154,245,21),
	(4155,245,114),
	(4156,245,119),
	(4157,245,145),
	(4158,245,16),
	(4159,245,12),
	(4160,245,76),
	(4161,246,19),
	(4162,246,67),
	(4163,247,42),
	(4164,247,28),
	(4165,248,149),
	(4166,248,44),
	(4167,248,52),
	(4168,249,19),
	(4169,249,127),
	(4170,250,82),
	(4171,251,160),
	(4172,251,11),
	(4173,251,120),
	(4174,251,48),
	(4175,251,6),
	(4176,251,103),
	(4177,252,82),
	(4178,253,36),
	(4179,253,107),
	(4180,254,69),
	(4181,254,147),
	(4182,254,48),
	(4183,255,22),
	(4184,255,97),
	(4185,255,7),
	(4186,255,31),
	(4187,256,42),
	(4188,256,20),
	(4189,257,152),
	(4190,258,120),
	(4191,258,99),
	(4192,258,18),
	(4193,258,79),
	(4194,258,138),
	(4195,258,98),
	(4196,258,37),
	(4197,258,54),
	(4198,258,43),
	(4199,259,118),
	(4200,259,8),
	(4201,259,8),
	(4202,259,18),
	(4203,259,74),
	(4204,259,147),
	(4205,259,139),
	(4206,259,39),
	(4207,259,17),
	(4208,259,110),
	(4209,259,5),
	(4210,259,57),
	(4211,259,61),
	(4212,259,97),
	(4213,259,149),
	(4214,259,90),
	(4215,259,162),
	(4216,259,114),
	(4217,259,61),
	(4218,259,59),
	(4219,259,52),
	(4220,259,72),
	(4221,259,141),
	(4222,259,146),
	(4223,259,2),
	(4224,259,44),
	(4225,259,149),
	(4226,259,60),
	(4227,259,148),
	(4228,259,61),
	(4229,259,139),
	(4230,259,82),
	(4231,5,43),
	(4232,6,97),
	(4233,6,34),
	(4234,6,76),
	(4235,13,130),
	(4236,13,117),
	(4237,13,137),
	(4238,13,104),
	(4239,13,5),
	(4240,13,86),
	(4241,13,56),
	(4242,14,109),
	(4243,14,142),
	(4244,14,97),
	(4245,14,91),
	(4246,14,59),
	(4247,14,151),
	(4248,14,1),
	(4249,14,14),
	(4250,14,76),
	(4251,20,151),
	(4252,20,33),
	(4253,20,77),
	(4254,20,137),
	(4255,20,156),
	(4256,20,12),
	(4257,20,120),
	(4258,20,81),
	(4259,20,83),
	(4260,20,70),
	(4261,20,132),
	(4262,20,44),
	(4263,20,40),
	(4264,20,114),
	(4265,20,156),
	(4266,20,61),
	(4267,20,114),
	(4268,20,142),
	(4269,20,40),
	(4270,20,83),
	(4271,20,154),
	(4272,20,64),
	(4273,21,158),
	(4274,21,135),
	(4275,21,56),
	(4276,27,149),
	(4277,27,130),
	(4278,27,70),
	(4279,27,108),
	(4280,27,60),
	(4281,27,66),
	(4282,27,117),
	(4283,27,101),
	(4284,28,14),
	(4285,28,82),
	(4286,34,156),
	(4287,34,57),
	(4288,34,120),
	(4289,34,32),
	(4290,34,133),
	(4291,34,64),
	(4292,35,113),
	(4293,35,100),
	(4294,35,35),
	(4295,41,86),
	(4296,41,149),
	(4297,41,96),
	(4298,41,85),
	(4299,41,8),
	(4300,41,76),
	(4301,42,82),
	(4302,48,60),
	(4303,48,101),
	(4304,49,140),
	(4305,49,82),
	(4306,50,97),
	(4307,50,15),
	(4308,50,43),
	(4309,55,114),
	(4310,55,155),
	(4311,55,149),
	(4312,55,153),
	(4313,55,24),
	(4314,55,36),
	(4315,55,34),
	(4316,55,159),
	(4317,55,124),
	(4318,55,89),
	(4319,55,38),
	(4320,55,138),
	(4321,55,121),
	(4322,55,101),
	(4323,56,141),
	(4324,56,72),
	(4325,56,101),
	(4326,62,23),
	(4327,62,162),
	(4328,62,97),
	(4329,62,12),
	(4330,62,4),
	(4331,62,53),
	(4332,62,12),
	(4333,62,115),
	(4334,63,159),
	(4335,63,141),
	(4336,63,142),
	(4337,63,20),
	(4338,63,101),
	(4339,69,72),
	(4340,69,136),
	(4341,69,76),
	(4342,70,78),
	(4343,70,103),
	(4344,76,106),
	(4345,76,41),
	(4346,76,75),
	(4347,76,42),
	(4348,76,46),
	(4349,76,10),
	(4350,76,5),
	(4351,76,144),
	(4352,76,156),
	(4353,76,144),
	(4354,76,160),
	(4355,76,151),
	(4356,76,103),
	(4357,77,158),
	(4358,77,75),
	(4359,77,29),
	(4360,77,16),
	(4361,77,84),
	(4362,77,85),
	(4363,77,42),
	(4364,77,132),
	(4365,77,27),
	(4366,77,95),
	(4367,77,55),
	(4368,77,103),
	(4369,83,151),
	(4370,83,114),
	(4371,83,97),
	(4372,83,26),
	(4373,84,85),
	(4374,84,121),
	(4375,84,120),
	(4376,84,19),
	(4377,84,141),
	(4378,84,137),
	(4379,84,39),
	(4380,84,48),
	(4381,84,151),
	(4382,84,49),
	(4383,84,146),
	(4384,84,81),
	(4385,84,107),
	(4386,84,134),
	(4387,84,36),
	(4388,84,119),
	(4389,84,132),
	(4390,84,137),
	(4391,84,52),
	(4392,84,82),
	(4393,90,34),
	(4394,90,104),
	(4395,90,121),
	(4396,90,78),
	(4397,90,18),
	(4398,90,143),
	(4399,90,22),
	(4400,90,19),
	(4401,90,57),
	(4402,90,18),
	(4403,90,18),
	(4404,90,110),
	(4405,90,155),
	(4406,90,99),
	(4407,90,158),
	(4408,90,41),
	(4409,90,147),
	(4410,90,40),
	(4411,90,107),
	(4412,90,8),
	(4413,90,156),
	(4414,90,40),
	(4415,90,76),
	(4416,91,19),
	(4417,91,72),
	(4418,91,62),
	(4419,91,18),
	(4420,91,35),
	(4421,97,36),
	(4422,97,20),
	(4423,97,95),
	(4424,97,106),
	(4425,97,113),
	(4426,97,119),
	(4427,97,138),
	(4428,97,58),
	(4429,97,151),
	(4430,97,54),
	(4431,97,120),
	(4432,97,105),
	(4433,97,46),
	(4434,97,82),
	(4435,98,124),
	(4436,98,85),
	(4437,98,96),
	(4438,98,111),
	(4439,98,86),
	(4440,98,42),
	(4441,98,141),
	(4442,98,129),
	(4443,98,61),
	(4444,98,120),
	(4445,98,147),
	(4446,98,108),
	(4447,98,10),
	(4448,98,40),
	(4449,98,40),
	(4450,98,47),
	(4451,98,62),
	(4452,98,141),
	(4453,98,76),
	(4454,104,64),
	(4455,105,158),
	(4456,105,59),
	(4457,105,135),
	(4458,105,120),
	(4459,105,89),
	(4460,105,55),
	(4461,105,71),
	(4462,105,101),
	(4463,111,102),
	(4464,111,81),
	(4465,111,137),
	(4466,111,133),
	(4467,111,87),
	(4468,111,89),
	(4469,111,50),
	(4470,111,147),
	(4471,111,112),
	(4472,111,43),
	(4473,112,115),
	(4474,118,137),
	(4475,118,97),
	(4476,118,64),
	(4477,119,10),
	(4478,119,55),
	(4479,119,108),
	(4480,119,123),
	(4481,125,53),
	(4482,125,18),
	(4483,125,18),
	(4484,125,57),
	(4485,125,54),
	(4486,125,155),
	(4487,125,58),
	(4488,125,117),
	(4489,125,101),
	(4490,126,117),
	(4491,126,146),
	(4492,126,18),
	(4493,126,8),
	(4494,126,102),
	(4495,126,144),
	(4496,126,149),
	(4497,126,158),
	(4498,126,103),
	(4499,132,138),
	(4500,132,156),
	(4501,132,156),
	(4502,132,159),
	(4503,132,73),
	(4504,132,93),
	(4505,132,40),
	(4506,132,8),
	(4507,132,156),
	(4508,132,133),
	(4509,132,4),
	(4510,132,93),
	(4511,132,49),
	(4512,132,26),
	(4513,133,18),
	(4514,133,77),
	(4515,133,59),
	(4516,133,156),
	(4517,133,109),
	(4518,133,108),
	(4519,133,75),
	(4520,133,73),
	(4521,133,114),
	(4522,133,44),
	(4523,133,161),
	(4524,133,100),
	(4525,133,101),
	(4526,139,45),
	(4527,139,104),
	(4528,139,100),
	(4529,139,154),
	(4530,139,120),
	(4531,139,100),
	(4532,139,105),
	(4533,139,112),
	(4534,139,31),
	(4535,139,19),
	(4536,139,58),
	(4537,139,76),
	(4538,140,113),
	(4539,140,69),
	(4540,140,117),
	(4541,140,159),
	(4542,140,13),
	(4543,140,41),
	(4544,140,61),
	(4545,140,141),
	(4546,140,36),
	(4547,140,149),
	(4548,140,157),
	(4549,140,38),
	(4550,140,146),
	(4551,140,72),
	(4552,140,16),
	(4553,140,61),
	(4554,140,87),
	(4555,140,100),
	(4556,140,132),
	(4557,140,57),
	(4558,140,86),
	(4559,140,131),
	(4560,140,24),
	(4561,140,115),
	(4562,146,21),
	(4563,146,55),
	(4564,146,154),
	(4565,146,25),
	(4566,146,151),
	(4567,146,162),
	(4568,146,122),
	(4569,146,17),
	(4570,146,50),
	(4571,146,41),
	(4572,146,90),
	(4573,146,45),
	(4574,146,62),
	(4575,146,114),
	(4576,146,76),
	(4577,147,59),
	(4578,147,26),
	(4579,148,143),
	(4580,148,19),
	(4581,148,62),
	(4582,148,61),
	(4583,148,34),
	(4584,148,80),
	(4585,148,13),
	(4586,148,19),
	(4587,148,2),
	(4588,148,110),
	(4589,148,26),
	(4590,153,13),
	(4591,153,112),
	(4592,153,94),
	(4593,153,8),
	(4594,153,31),
	(4595,153,14),
	(4596,153,148),
	(4597,153,4),
	(4598,153,106),
	(4599,153,38),
	(4600,153,42),
	(4601,153,35),
	(4602,154,102),
	(4603,154,77),
	(4604,154,122),
	(4605,154,9),
	(4606,155,56),
	(4607,157,86),
	(4608,157,82),
	(4609,160,115),
	(4610,161,103),
	(4611,165,120),
	(4612,165,154),
	(4613,165,152),
	(4614,167,82),
	(4615,168,55),
	(4616,168,69),
	(4617,168,96),
	(4618,168,147),
	(4619,168,4),
	(4620,168,117),
	(4621,168,59),
	(4622,168,112),
	(4623,168,94),
	(4624,168,109),
	(4625,168,2),
	(4626,168,64),
	(4627,174,49),
	(4628,174,145),
	(4629,174,74),
	(4630,174,152),
	(4631,175,133),
	(4632,175,66),
	(4633,175,107),
	(4634,175,81),
	(4635,175,41),
	(4636,175,78),
	(4637,175,24),
	(4638,175,147),
	(4639,175,64),
	(4640,181,155),
	(4641,181,42),
	(4642,181,76),
	(4643,182,60),
	(4644,182,50),
	(4645,182,89),
	(4646,182,78),
	(4647,182,32),
	(4648,182,56),
	(4649,188,158),
	(4650,188,133),
	(4651,188,38),
	(4652,188,43),
	(4653,189,151),
	(4654,189,58),
	(4655,189,94),
	(4656,189,151),
	(4657,189,16),
	(4658,189,113),
	(4659,189,59),
	(4660,189,129),
	(4661,189,128),
	(4662,189,137),
	(4663,189,132),
	(4664,189,156),
	(4665,189,114),
	(4666,189,115),
	(4667,195,137),
	(4668,195,29),
	(4669,195,122),
	(4670,195,74),
	(4671,195,34),
	(4672,195,13),
	(4673,195,34),
	(4674,195,17),
	(4675,195,100),
	(4676,195,72),
	(4677,195,56),
	(4678,196,12),
	(4679,196,127),
	(4680,196,106),
	(4681,196,9),
	(4682,209,144),
	(4683,209,32),
	(4684,209,46),
	(4685,209,123),
	(4686,210,159),
	(4687,210,33),
	(4688,210,120),
	(4689,210,52),
	(4690,210,146),
	(4691,210,83),
	(4692,210,77),
	(4693,210,120),
	(4694,210,89),
	(4695,210,122),
	(4696,210,138),
	(4697,210,58),
	(4698,210,61),
	(4699,210,124),
	(4700,210,1),
	(4701,210,67),
	(4702,210,25),
	(4703,210,133),
	(4704,210,16),
	(4705,210,70),
	(4706,210,49),
	(4707,210,89),
	(4708,210,111),
	(4709,210,48),
	(4710,210,17),
	(4711,210,156),
	(4712,210,9),
	(4713,216,64),
	(4714,217,72),
	(4715,217,94),
	(4716,217,74),
	(4717,217,32),
	(4718,217,160),
	(4719,217,54),
	(4720,217,55),
	(4721,217,34),
	(4722,217,18),
	(4723,217,160),
	(4724,217,120),
	(4725,217,119),
	(4726,217,156),
	(4727,217,126),
	(4728,223,63),
	(4729,223,100),
	(4730,223,80),
	(4731,223,78),
	(4732,223,56),
	(4733,224,100),
	(4734,224,26),
	(4735,230,124),
	(4736,230,48),
	(4737,230,103),
	(4738,231,26),
	(4739,237,137),
	(4740,237,62),
	(4741,237,48),
	(4742,237,151),
	(4743,237,48),
	(4744,237,100),
	(4745,237,27),
	(4746,237,117),
	(4747,237,18),
	(4748,237,122),
	(4749,237,38),
	(4750,237,94),
	(4751,237,43),
	(4752,238,43),
	(4753,244,156),
	(4754,244,114),
	(4755,244,154),
	(4756,244,113),
	(4757,244,113),
	(4758,244,89),
	(4759,244,1),
	(4760,244,110),
	(4761,244,156),
	(4762,244,103),
	(4763,245,137),
	(4764,245,51),
	(4765,245,100),
	(4766,245,69),
	(4767,245,83),
	(4768,245,103),
	(4769,251,159),
	(4770,251,61),
	(4771,251,1),
	(4772,251,104),
	(4773,251,85),
	(4774,251,73),
	(4775,251,133),
	(4776,251,12),
	(4777,251,8),
	(4778,251,126),
	(4779,252,37),
	(4780,252,13),
	(4781,252,130),
	(4782,252,133),
	(4783,252,122),
	(4784,252,129),
	(4785,252,128),
	(4786,252,89),
	(4787,252,61),
	(4788,252,143),
	(4789,252,155),
	(4790,252,155),
	(4791,252,18),
	(4792,252,101),
	(4793,258,132),
	(4794,258,137),
	(4795,258,141),
	(4796,258,76),
	(4797,259,42),
	(4798,259,10),
	(4799,259,84),
	(4800,259,112),
	(4801,259,156),
	(4802,259,156),
	(4803,259,26),
	(4804,260,23),
	(4805,260,128),
	(4806,260,11),
	(4807,260,106),
	(4808,260,127),
	(4809,261,97),
	(4810,261,58),
	(4811,261,110),
	(4812,262,90),
	(4813,262,59),
	(4814,262,28),
	(4815,262,23),
	(4820,264,32),
	(4821,264,70),
	(4822,264,128),
	(4823,265,13),
	(4824,265,9),
	(4825,266,22),
	(4826,266,118),
	(4827,266,122),
	(4828,266,53),
	(4829,266,38),
	(4830,266,101),
	(4831,267,142),
	(4832,267,129),
	(4833,268,33),
	(4834,268,91),
	(4835,268,147),
	(4836,269,37),
	(4837,269,54),
	(4838,269,109),
	(4839,269,127),
	(4842,271,41),
	(4843,271,139),
	(4844,271,107),
	(4845,272,83),
	(4846,272,72),
	(4847,272,154),
	(4848,272,14),
	(4849,272,64),
	(4850,273,124),
	(4851,273,27),
	(4852,273,29),
	(4853,273,156),
	(4854,273,43),
	(4855,274,129),
	(4856,274,114),
	(4857,274,89),
	(4858,275,92),
	(4859,275,72),
	(4860,275,44),
	(4861,275,38),
	(4862,276,80),
	(4863,276,92),
	(4864,276,57),
	(4868,278,113),
	(4869,278,143),
	(4870,279,104),
	(4871,279,60),
	(4872,279,120),
	(4873,279,113),
	(4874,279,148),
	(4875,279,54),
	(4876,279,38),
	(4877,279,133),
	(4878,279,26),
	(4879,280,9),
	(4880,281,15),
	(4881,281,162),
	(4882,281,86),
	(4883,282,29),
	(4884,282,11),
	(4885,282,98),
	(4886,282,109),
	(4887,283,141),
	(4888,283,47),
	(4889,283,31),
	(4891,285,136),
	(4892,285,160),
	(4893,286,41),
	(4894,286,92),
	(4895,286,103),
	(4896,287,110),
	(4897,287,61),
	(4898,287,139),
	(4899,287,153),
	(4900,287,120),
	(4901,287,141),
	(4902,287,156),
	(4903,287,120),
	(4904,287,58),
	(4905,287,69),
	(4906,287,82),
	(4907,288,1),
	(4908,288,28),
	(4909,288,31),
	(4910,288,36),
	(4911,288,82),
	(4912,289,62),
	(4913,289,116),
	(4914,289,97),
	(4915,289,73),
	(4916,289,154),
	(4917,289,120),
	(4918,289,121),
	(4919,289,123),
	(4920,290,92),
	(4921,290,36),
	(4922,290,50),
	(4923,290,49),
	(4924,290,18),
	(4925,290,63),
	(4926,290,56),
	(4929,292,49),
	(4930,292,45),
	(4931,292,7),
	(4932,292,154),
	(4933,293,12),
	(4934,293,149),
	(4935,293,61),
	(4936,293,24),
	(4937,293,120),
	(4938,293,64),
	(4939,294,123),
	(4940,295,154),
	(4941,295,92),
	(4942,295,14),
	(4943,295,44),
	(4944,295,88),
	(4945,296,100),
	(4946,296,21),
	(4947,297,102),
	(4948,297,74),
	(4949,297,37),
	(4954,299,125),
	(4955,299,161),
	(4956,300,96),
	(4957,300,28),
	(4958,300,52),
	(4959,300,10),
	(4960,300,69),
	(4961,300,138),
	(4962,300,56),
	(4963,301,141),
	(4964,301,115),
	(4965,302,136),
	(4966,302,109),
	(4967,302,14),
	(4968,303,120),
	(4969,303,67),
	(4970,303,89),
	(4971,304,40),
	(4972,304,158),
	(4976,306,103),
	(4977,307,25),
	(4978,307,28),
	(4979,307,7),
	(4980,307,112),
	(4981,307,141),
	(4982,307,94),
	(4983,307,152),
	(4984,308,44),
	(4985,308,26),
	(4986,309,148),
	(4987,309,154),
	(4988,309,38),
	(4989,310,144),
	(4990,310,45),
	(4991,311,15),
	(4992,311,89),
	(4993,311,94),
	(4994,311,13),
	(4995,311,128),
	(4996,312,63),
	(4997,312,37),
	(4998,313,95),
	(4999,313,141),
	(5000,314,111),
	(5001,314,101),
	(5002,315,58),
	(5003,315,55),
	(5004,315,125),
	(5005,315,75),
	(5006,315,20),
	(5007,315,41),
	(5008,315,156),
	(5009,315,156),
	(5010,315,90),
	(5011,315,155),
	(5012,315,42),
	(5013,315,54),
	(5014,315,141),
	(5015,315,103),
	(5016,316,33),
	(5017,316,78),
	(5018,316,68),
	(5019,316,37),
	(5020,317,100),
	(5021,317,134),
	(5022,318,50),
	(5023,318,85),
	(5024,318,127),
	(5027,320,5),
	(5028,320,94),
	(5029,321,95),
	(5030,321,121),
	(5031,321,122),
	(5032,321,92),
	(5033,321,101),
	(5034,322,81),
	(5035,322,70),
	(5036,322,122),
	(5037,322,103),
	(5038,323,115),
	(5039,324,100),
	(5040,324,46),
	(5041,325,101),
	(5045,327,63),
	(5046,327,145),
	(5047,328,53),
	(5048,328,133),
	(5049,328,61),
	(5050,328,129),
	(5051,328,137),
	(5052,328,113),
	(5053,328,20),
	(5054,328,32),
	(5055,328,97),
	(5056,328,32),
	(5057,328,129),
	(5058,328,121),
	(5059,328,136),
	(5060,328,5),
	(5061,328,125),
	(5062,328,110),
	(5063,328,70),
	(5064,328,50),
	(5065,328,137),
	(5066,328,45),
	(5067,328,68),
	(5068,328,100),
	(5069,328,137),
	(5070,328,12),
	(5071,328,116),
	(5072,328,19),
	(5073,328,81),
	(5074,328,40),
	(5075,328,137),
	(5076,328,127),
	(5077,328,149),
	(5078,328,19),
	(5079,328,74),
	(5080,328,122),
	(5081,328,11),
	(5082,328,138),
	(5083,328,28),
	(5084,328,103),
	(5085,329,31),
	(5086,329,149),
	(5087,329,160),
	(5088,329,71),
	(5089,329,26),
	(5090,330,6),
	(5091,330,2),
	(5092,331,36),
	(5093,331,25),
	(5094,332,76),
	(5095,333,36),
	(5096,333,71),
	(5103,335,7),
	(5104,335,120),
	(5105,335,141),
	(5106,335,6),
	(5107,335,10),
	(5108,335,20),
	(5109,335,17),
	(5110,335,82),
	(5111,336,20),
	(5112,336,26),
	(5113,337,71),
	(5114,337,120),
	(5115,337,57),
	(5116,337,127),
	(5117,338,24),
	(5118,338,105),
	(5119,339,117),
	(5120,339,13),
	(5121,339,140),
	(5124,341,150),
	(5125,341,31),
	(5126,342,18),
	(5127,342,55),
	(5128,342,158),
	(5129,342,6),
	(5130,342,33),
	(5131,342,95),
	(5132,342,8),
	(5133,342,74),
	(5134,342,136),
	(5135,342,86),
	(5136,342,140),
	(5137,342,6),
	(5138,342,151),
	(5139,342,10),
	(5140,342,144),
	(5141,342,156),
	(5142,342,63),
	(5143,342,152),
	(5144,343,28),
	(5145,343,49),
	(5146,343,76),
	(5147,344,89),
	(5148,344,135),
	(5149,344,94),
	(5150,344,102),
	(5151,345,136),
	(5152,345,89),
	(5153,345,87),
	(5154,345,66),
	(5155,346,98),
	(5156,346,32),
	(5157,346,46),
	(5158,346,68),
	(5159,346,72),
	(5162,348,155),
	(5163,348,39),
	(5164,348,67),
	(5165,349,133),
	(5166,349,42),
	(5167,349,115),
	(5168,350,152),
	(5169,351,31),
	(5170,351,156),
	(5171,351,23),
	(5172,352,84),
	(5173,352,85),
	(5174,352,37),
	(5175,353,90),
	(5176,353,148),
	(5177,353,44),
	(5181,355,149),
	(5182,355,54),
	(5183,356,64),
	(5184,357,125),
	(5185,357,21),
	(5186,357,159),
	(5187,357,160),
	(5188,357,148),
	(5189,357,147),
	(5190,357,88),
	(5191,357,132),
	(5192,357,58),
	(5193,357,26),
	(5194,358,160),
	(5195,358,23),
	(5196,358,90),
	(5197,359,55),
	(5198,359,102),
	(5199,360,35),
	(5204,362,129),
	(5205,362,107),
	(5206,362,149),
	(5207,363,151),
	(5208,363,75),
	(5209,363,45),
	(5210,363,7),
	(5211,363,142),
	(5212,363,113),
	(5213,363,76),
	(5214,364,129),
	(5215,364,53),
	(5216,364,139),
	(5217,364,64),
	(5218,365,63),
	(5219,365,20),
	(5220,366,45),
	(5221,366,46),
	(5222,366,95),
	(5223,366,46),
	(5224,366,20),
	(5225,367,161),
	(5226,367,8),
	(5227,367,15),
	(5230,369,60),
	(5231,369,119),
	(5232,370,15),
	(5233,370,155),
	(5234,370,32),
	(5235,370,27),
	(5236,370,18),
	(5237,370,156),
	(5238,370,147),
	(5239,370,61),
	(5240,370,148),
	(5241,370,121),
	(5242,370,106),
	(5243,370,123),
	(5244,371,6),
	(5245,371,98),
	(5246,371,137),
	(5247,371,146),
	(5248,371,7),
	(5249,371,26),
	(5250,372,90),
	(5251,372,145),
	(5252,372,135),
	(5253,372,85),
	(5254,373,32),
	(5255,373,58),
	(5256,373,27),
	(5257,373,116),
	(5258,373,107),
	(5259,374,16),
	(5260,374,139),
	(5261,374,77),
	(5262,375,13),
	(5263,375,20),
	(5264,375,37),
	(5265,375,45),
	(5266,375,51),
	(5267,375,20),
	(5268,376,55),
	(5269,376,44),
	(5270,377,22),
	(5271,377,113),
	(5272,377,42),
	(5273,377,37),
	(5274,377,75),
	(5275,377,64),
	(5276,378,45),
	(5277,378,4),
	(5278,378,12),
	(5279,378,48),
	(5280,378,120),
	(5281,378,88),
	(5282,378,35),
	(5283,379,52),
	(5284,379,22),
	(5285,379,97),
	(5286,379,145),
	(5287,380,114),
	(5288,380,15),
	(5289,380,147),
	(5290,381,124),
	(5291,381,27),
	(5292,381,21),
	(5295,383,120),
	(5296,383,73),
	(5297,384,43),
	(5298,385,61),
	(5299,385,131),
	(5300,385,125),
	(5301,385,140),
	(5302,385,149),
	(5303,385,119),
	(5304,385,6),
	(5305,385,100),
	(5306,385,36),
	(5307,385,6),
	(5308,385,158),
	(5309,385,9),
	(5310,386,160),
	(5311,386,146),
	(5312,386,93),
	(5313,386,71),
	(5314,387,72),
	(5315,387,15),
	(5316,387,147),
	(5317,387,21),
	(5318,387,65),
	(5319,388,101),
	(5323,390,100),
	(5324,390,25),
	(5325,391,61),
	(5326,391,48),
	(5327,391,93),
	(5328,391,117),
	(5329,391,24),
	(5330,391,104),
	(5331,391,144),
	(5332,391,76),
	(5333,392,61),
	(5334,392,45),
	(5335,392,126),
	(5336,393,64),
	(5337,394,53),
	(5338,394,4),
	(5339,394,134),
	(5340,395,36),
	(5341,395,68),
	(5342,396,60),
	(5343,396,11),
	(5344,396,23),
	(5345,397,110),
	(5346,397,23),
	(5347,397,52),
	(5348,397,93),
	(5349,398,141),
	(5350,398,156),
	(5351,398,111),
	(5352,398,151),
	(5353,398,90),
	(5354,398,78),
	(5355,398,10),
	(5356,398,151),
	(5357,398,76),
	(5358,399,15),
	(5359,399,56),
	(5360,400,18),
	(5361,400,57),
	(5362,400,91),
	(5363,400,116),
	(5364,401,100),
	(5365,401,66),
	(5366,402,125),
	(5367,402,51),
	(5368,403,154),
	(5369,403,106),
	(5370,403,90),
	(5371,403,25),
	(5372,404,115),
	(5373,405,120),
	(5374,405,107),
	(5375,405,135),
	(5376,405,18),
	(5377,405,38),
	(5378,405,153),
	(5379,405,36),
	(5380,405,135),
	(5381,405,51),
	(5382,405,2),
	(5383,405,39),
	(5384,405,155),
	(5385,405,136),
	(5386,405,43),
	(5387,406,28),
	(5388,406,115),
	(5389,407,120),
	(5390,407,97),
	(5391,407,153),
	(5392,408,40),
	(5393,408,80),
	(5394,409,107),
	(5395,409,158),
	(5396,409,49),
	(5399,411,82),
	(5400,412,149),
	(5401,412,50),
	(5402,412,125),
	(5403,412,42),
	(5404,412,92),
	(5405,412,64),
	(5406,413,16),
	(5407,413,60),
	(5408,413,142),
	(5409,413,88),
	(5410,413,36),
	(5411,413,18),
	(5412,413,129),
	(5413,413,21),
	(5414,413,58),
	(5415,413,156),
	(5416,413,12),
	(5417,413,18),
	(5418,413,64),
	(5419,414,132),
	(5420,414,54),
	(5421,414,68),
	(5422,415,112),
	(5423,415,15),
	(5424,415,109),
	(5433,418,151),
	(5434,418,157),
	(5435,419,18),
	(5436,419,98),
	(5437,419,52),
	(5438,419,35),
	(5439,420,9),
	(5440,421,18),
	(5441,421,44),
	(5442,421,48),
	(5443,422,36),
	(5444,422,46),
	(5445,423,137),
	(5446,423,79),
	(5447,424,155),
	(5448,424,46),
	(5449,424,28),
	(5450,424,97),
	(5451,425,90),
	(5452,425,48),
	(5453,425,109),
	(5454,426,22),
	(5455,426,98),
	(5456,426,144),
	(5457,426,156),
	(5458,426,5),
	(5459,426,41),
	(5460,426,90),
	(5461,426,7),
	(5462,426,132),
	(5463,426,137),
	(5464,426,35),
	(5465,427,35),
	(5466,428,150),
	(5467,428,13),
	(5468,429,82),
	(5469,430,144),
	(5470,430,57),
	(5471,430,21),
	(5472,431,21),
	(5473,431,131),
	(5474,431,135),
	(5475,432,23),
	(5476,432,24),
	(5477,433,68),
	(5478,433,90),
	(5479,433,158),
	(5480,433,11),
	(5481,433,67),
	(5482,433,47),
	(5483,433,117),
	(5484,433,110),
	(5485,433,113),
	(5486,433,6),
	(5487,433,131),
	(5488,433,39),
	(5489,433,140),
	(5490,433,159),
	(5491,433,61),
	(5492,433,9),
	(5493,434,90),
	(5494,434,141),
	(5495,434,31),
	(5496,434,126),
	(5497,435,61),
	(5498,435,52),
	(5499,435,77),
	(5500,436,149),
	(5501,436,4),
	(5502,437,133),
	(5503,437,90),
	(5504,437,66),
	(5508,439,144),
	(5509,439,13),
	(5510,440,37),
	(5511,440,77),
	(5512,440,61),
	(5513,440,16),
	(5514,440,18),
	(5515,440,36),
	(5516,440,103),
	(5517,441,61),
	(5518,441,13),
	(5519,441,45),
	(5520,441,121),
	(5521,441,9),
	(5522,442,154),
	(5523,442,11),
	(5524,442,89),
	(5525,442,51),
	(5526,443,41),
	(5527,443,161),
	(5528,443,87),
	(5529,444,125),
	(5530,444,20),
	(5533,446,73),
	(5534,446,47),
	(5535,446,97),
	(5536,446,31),
	(5537,447,141),
	(5538,447,80),
	(5539,447,152),
	(5540,448,82),
	(5541,449,97),
	(5542,449,120),
	(5543,449,7),
	(5544,450,38),
	(5545,450,58),
	(5546,450,4),
	(5547,450,127),
	(5548,451,54),
	(5549,451,147),
	(5550,451,23),
	(5551,451,93),
	(5555,453,134),
	(5556,453,95),
	(5557,453,107),
	(5558,453,107),
	(5559,453,146),
	(5560,454,48),
	(5561,454,147),
	(5562,454,100),
	(5563,454,145),
	(5564,454,91),
	(5565,454,13),
	(5566,454,140),
	(5567,454,62),
	(5568,454,38),
	(5569,454,149),
	(5570,454,137),
	(5571,454,63),
	(5572,454,126),
	(5573,455,45),
	(5574,455,69),
	(5575,455,10),
	(5576,455,13),
	(5577,455,81),
	(5578,455,70),
	(5579,455,158),
	(5580,455,115),
	(5581,456,118),
	(5582,456,77),
	(5583,456,108),
	(5584,456,37),
	(5585,457,132),
	(5586,457,69),
	(5587,457,67),
	(5588,458,85),
	(5589,458,60),
	(5590,458,46),
	(5591,458,46),
	(5592,458,128),
	(5597,460,10),
	(5598,460,51),
	(5599,461,67),
	(5600,461,41),
	(5601,461,125),
	(5602,461,161),
	(5603,461,24),
	(5604,461,47),
	(5605,461,73),
	(5606,461,120),
	(5607,461,90),
	(5608,461,86),
	(5609,461,149),
	(5610,461,142),
	(5611,461,148),
	(5612,461,94),
	(5613,461,134),
	(5614,461,154),
	(5615,461,156),
	(5616,461,110),
	(5617,461,147),
	(5618,461,136),
	(5619,461,84),
	(5620,461,2),
	(5621,461,105),
	(5622,461,106),
	(5623,461,152),
	(5624,462,145),
	(5625,462,126),
	(5626,463,124),
	(5627,463,139),
	(5628,463,86),
	(5629,464,76),
	(5630,465,121),
	(5631,465,72),
	(5632,466,58),
	(5633,466,111),
	(5634,466,94),
	(5635,467,122),
	(5636,467,93),
	(5637,468,126),
	(5638,469,113),
	(5639,469,152),
	(5640,470,62),
	(5641,470,106),
	(5642,471,136),
	(5643,471,48),
	(5644,471,58),
	(5645,472,19),
	(5646,472,46),
	(5647,473,76),
	(5648,474,151),
	(5649,474,47),
	(5650,475,85),
	(5651,475,106),
	(5652,475,50),
	(5653,475,141),
	(5654,475,41),
	(5655,475,63),
	(5656,475,151),
	(5657,475,150),
	(5658,475,91),
	(5659,475,121),
	(5660,475,130),
	(5661,475,82),
	(5662,476,100),
	(5663,476,123),
	(5664,477,83),
	(5665,477,154),
	(5666,478,154),
	(5667,478,4),
	(5668,478,79),
	(5669,479,88),
	(5670,479,59),
	(5671,479,107),
	(5672,479,22),
	(5673,480,159),
	(5674,480,154),
	(5675,480,58),
	(5676,480,51),
	(5677,481,61),
	(5678,481,32),
	(5679,482,23),
	(5680,482,124),
	(5681,482,61),
	(5682,482,27),
	(5683,482,76),
	(5684,483,37),
	(5685,483,156),
	(5686,483,6),
	(5687,483,16),
	(5688,483,31),
	(5689,483,10),
	(5690,483,111),
	(5691,483,33),
	(5692,483,151),
	(5693,483,53),
	(5694,483,71),
	(5695,483,31),
	(5696,483,8),
	(5697,483,9),
	(5698,484,130),
	(5699,484,33),
	(5700,484,102),
	(5701,485,50),
	(5702,485,48),
	(5703,486,51),
	(5704,486,114),
	(5705,486,135),
	(5706,487,122),
	(5707,487,51),
	(5708,488,111),
	(5709,488,140),
	(5710,489,79),
	(5711,489,9),
	(5712,490,57),
	(5713,490,105),
	(5714,490,152),
	(5715,491,124),
	(5716,491,154),
	(5717,492,80),
	(5718,492,145),
	(5719,492,128),
	(5720,492,94),
	(5721,493,67),
	(5722,493,49),
	(5723,493,147),
	(5724,493,93),
	(5725,494,74),
	(5726,494,93),
	(5727,494,67),
	(5728,495,70),
	(5729,495,1),
	(5730,496,43),
	(5731,497,125),
	(5732,497,65),
	(5733,497,28),
	(5734,497,114),
	(5735,497,63),
	(5736,497,94),
	(5737,497,41),
	(5738,497,160),
	(5739,497,18),
	(5740,497,89),
	(5741,497,81),
	(5742,497,132),
	(5743,497,85),
	(5744,497,61),
	(5745,497,32),
	(5746,497,101),
	(5747,498,10),
	(5748,498,47),
	(5749,499,38),
	(5750,499,29),
	(5751,499,89),
	(5752,499,154),
	(5753,499,143),
	(5754,500,70),
	(5755,500,129),
	(5756,500,71),
	(5757,500,88),
	(5758,501,137),
	(5759,501,117),
	(5760,501,145),
	(5761,502,48),
	(5762,502,13),
	(5763,502,146),
	(5764,502,107),
	(5765,502,161),
	(5766,503,43),
	(5767,504,13),
	(5768,504,101),
	(5769,505,89),
	(5770,505,5),
	(5771,506,137),
	(5772,506,73),
	(5773,507,89),
	(5774,507,34),
	(5775,508,42),
	(5776,508,29),
	(5777,509,111),
	(5778,509,92),
	(5779,509,29),
	(5780,510,131),
	(5781,510,22),
	(5782,510,51),
	(5783,510,58),
	(5784,510,149),
	(5785,510,151),
	(5786,510,19),
	(5787,510,101),
	(5788,511,88),
	(5789,511,12),
	(5790,511,106),
	(5791,511,5),
	(5792,511,55),
	(5793,511,52),
	(5794,511,20),
	(5795,511,67),
	(5796,511,40),
	(5797,511,37),
	(5798,511,55),
	(5799,511,42),
	(5800,511,61),
	(5801,511,122),
	(5802,511,74),
	(5803,511,89),
	(5804,511,34),
	(5805,511,23),
	(5806,511,61),
	(5807,511,102),
	(5808,511,106),
	(5809,511,15),
	(5810,511,125),
	(5811,511,35),
	(5812,512,113),
	(5813,512,25),
	(5814,513,141),
	(5815,513,48),
	(5816,513,85),
	(5817,514,136),
	(5818,514,13),
	(5819,514,27),
	(5820,514,157),
	(5821,515,93),
	(5822,515,45),
	(5823,515,135),
	(5824,515,38),
	(5825,516,159),
	(5826,516,85),
	(5827,516,94),
	(5828,516,2),
	(5829,517,53),
	(5830,517,106),
	(5831,517,65),
	(5832,517,79),
	(5833,517,72),
	(5834,517,4),
	(5835,517,16),
	(5836,517,23),
	(5837,517,126),
	(5838,518,112),
	(5839,518,24),
	(5840,518,31),
	(5841,518,134),
	(5842,518,6),
	(5843,518,75),
	(5844,518,156),
	(5845,518,73),
	(5846,518,10),
	(5847,518,45),
	(5848,518,12),
	(5849,518,35),
	(5850,5,141),
	(5851,5,10),
	(5852,5,18),
	(5853,5,18),
	(5854,5,106),
	(5855,5,135),
	(5856,5,24),
	(5857,5,36),
	(5858,5,162),
	(5859,5,20),
	(5860,5,156),
	(5861,5,39),
	(5862,5,12),
	(5863,5,48),
	(5864,5,149),
	(5865,5,10),
	(5866,5,13),
	(5867,5,97),
	(5868,5,101),
	(5869,6,141),
	(5870,6,112),
	(5871,6,123),
	(5872,13,149),
	(5873,13,151),
	(5874,13,53),
	(5875,13,120),
	(5876,13,116),
	(5877,13,63),
	(5878,13,156),
	(5879,13,29),
	(5880,13,87),
	(5881,13,9),
	(5882,14,151),
	(5883,14,61),
	(5884,14,21),
	(5885,14,132),
	(5886,14,141),
	(5887,14,142),
	(5888,14,56),
	(5889,20,60),
	(5890,20,139),
	(5891,20,61),
	(5892,20,151),
	(5893,20,158),
	(5894,20,156),
	(5895,20,48),
	(5896,20,83),
	(5897,20,13),
	(5898,20,126),
	(5899,21,108),
	(5900,21,111),
	(5901,21,108),
	(5902,21,63),
	(5903,21,36),
	(5904,21,8),
	(5905,21,34),
	(5906,21,149),
	(5907,21,39),
	(5908,21,62),
	(5909,21,71),
	(5910,21,157),
	(5911,21,76),
	(5912,27,124),
	(5913,27,61),
	(5914,27,33),
	(5915,27,126),
	(5916,28,61),
	(5917,28,101),
	(5918,29,75),
	(5919,29,24),
	(5920,29,94),
	(5921,29,94),
	(5922,29,104),
	(5923,29,122),
	(5924,29,104),
	(5925,29,154),
	(5926,29,137),
	(5927,29,41),
	(5928,29,72),
	(5929,29,4),
	(5930,29,39),
	(5931,29,126),
	(5932,34,51),
	(5933,34,19),
	(5934,34,136),
	(5935,34,160),
	(5936,34,141),
	(5937,34,125),
	(5938,34,31),
	(5939,34,111),
	(5940,34,18),
	(5941,34,19),
	(5942,34,92),
	(5943,34,108),
	(5944,34,75),
	(5945,34,27),
	(5946,34,63),
	(5947,34,150),
	(5948,34,20),
	(5949,34,112),
	(5950,34,56),
	(5951,35,82),
	(5952,41,32),
	(5953,41,147),
	(5954,41,110),
	(5955,41,6),
	(5956,41,160),
	(5957,41,142),
	(5958,41,134),
	(5959,41,117),
	(5960,41,128),
	(5961,41,93),
	(5962,41,126),
	(5963,42,122),
	(5964,42,162),
	(5965,42,136),
	(5966,42,19),
	(5967,42,5),
	(5968,42,36),
	(5969,42,60),
	(5970,42,137),
	(5971,42,22),
	(5972,42,124),
	(5973,42,76),
	(5974,48,73),
	(5975,48,29),
	(5976,48,38),
	(5977,48,50),
	(5978,48,9),
	(5979,49,141),
	(5980,49,58),
	(5981,49,113),
	(5982,49,124),
	(5983,49,73),
	(5984,49,99),
	(5985,49,110),
	(5986,49,19),
	(5987,49,86),
	(5988,49,69),
	(5989,49,9),
	(5990,50,137),
	(5991,50,156),
	(5992,50,49),
	(5993,50,155),
	(5994,50,85),
	(5995,50,27),
	(5996,50,146),
	(5997,50,120),
	(5998,50,141),
	(5999,50,12),
	(6000,50,80),
	(6001,50,100),
	(6002,50,126),
	(6003,55,81),
	(6004,55,16),
	(6005,55,133),
	(6006,55,146),
	(6007,55,156),
	(6008,55,88),
	(6009,55,18),
	(6010,55,103),
	(6011,56,61),
	(6012,56,127),
	(6013,56,104),
	(6014,56,45),
	(6015,56,1),
	(6016,56,81),
	(6017,56,12),
	(6018,56,69),
	(6019,56,72),
	(6020,56,82),
	(6021,57,106),
	(6022,57,131),
	(6023,57,126),
	(6024,62,76),
	(6025,63,112),
	(6026,63,157),
	(6027,63,17),
	(6028,63,46),
	(6029,63,58),
	(6030,63,101),
	(6031,65,18),
	(6032,65,72),
	(6033,65,140),
	(6034,65,41),
	(6035,65,89),
	(6036,65,9),
	(6037,69,78),
	(6038,69,77),
	(6039,69,144),
	(6040,69,13),
	(6041,69,145),
	(6042,69,103),
	(6043,70,83),
	(6044,70,61),
	(6045,70,31),
	(6046,70,138),
	(6047,70,57),
	(6048,70,13),
	(6049,70,37),
	(6050,70,142),
	(6051,70,106),
	(6052,70,50),
	(6053,70,85),
	(6054,70,142),
	(6055,70,61),
	(6056,70,158),
	(6057,70,43),
	(6058,76,75),
	(6059,76,21),
	(6060,76,141),
	(6061,76,49),
	(6062,76,2),
	(6063,76,18),
	(6064,76,121),
	(6065,76,108),
	(6066,76,2),
	(6067,76,59),
	(6068,76,36),
	(6069,76,118),
	(6070,76,9),
	(6071,77,100),
	(6072,77,50),
	(6073,77,90),
	(6074,77,111),
	(6075,77,132),
	(6076,77,53),
	(6077,77,57),
	(6078,77,126),
	(6079,83,17),
	(6080,83,110),
	(6081,83,86),
	(6082,83,137),
	(6083,83,10),
	(6084,83,1),
	(6085,83,64),
	(6086,84,123),
	(6087,90,9),
	(6088,91,141),
	(6089,91,13),
	(6090,91,52),
	(6091,91,64),
	(6092,97,19),
	(6093,97,62),
	(6094,97,98),
	(6095,97,128),
	(6096,97,33),
	(6097,97,133),
	(6098,97,109),
	(6099,97,139),
	(6100,97,100),
	(6101,97,70),
	(6102,97,12),
	(6103,97,93),
	(6104,97,63),
	(6105,97,100),
	(6106,97,53),
	(6107,97,130),
	(6108,97,106),
	(6109,97,82),
	(6110,98,136),
	(6111,98,136),
	(6112,98,156),
	(6113,98,5),
	(6114,98,112),
	(6115,98,60),
	(6116,98,135),
	(6117,98,86),
	(6118,98,142),
	(6119,98,151),
	(6120,98,69),
	(6121,98,113),
	(6122,98,113),
	(6123,98,74),
	(6124,98,9),
	(6125,104,45),
	(6126,104,142),
	(6127,104,39),
	(6128,104,129),
	(6129,104,141),
	(6130,104,54),
	(6131,104,90),
	(6132,104,50),
	(6133,104,124),
	(6134,104,110),
	(6135,104,124),
	(6136,104,26),
	(6137,105,141),
	(6138,105,63),
	(6139,105,56),
	(6140,111,151),
	(6141,111,138),
	(6142,111,158),
	(6143,111,35),
	(6144,112,125),
	(6145,112,33),
	(6146,112,49),
	(6147,112,121),
	(6148,112,6),
	(6149,112,124),
	(6150,112,78),
	(6151,112,141),
	(6152,112,55),
	(6153,112,48),
	(6154,112,17),
	(6155,112,155),
	(6156,112,97),
	(6157,112,53),
	(6158,112,61),
	(6159,112,109),
	(6160,112,97),
	(6161,112,61),
	(6162,112,50),
	(6163,112,10),
	(6164,112,67),
	(6165,112,101),
	(6166,118,147),
	(6167,118,120),
	(6168,118,18),
	(6169,118,118),
	(6170,118,141),
	(6171,118,81),
	(6172,118,151),
	(6173,118,120),
	(6174,118,154),
	(6175,118,156),
	(6176,118,10),
	(6177,118,55),
	(6178,118,55),
	(6179,118,18),
	(6180,118,136),
	(6181,118,155),
	(6182,118,143),
	(6183,118,90),
	(6184,118,95),
	(6185,118,59),
	(6186,118,97),
	(6187,118,55),
	(6188,118,140),
	(6189,118,132),
	(6190,118,44),
	(6191,118,117),
	(6192,118,19),
	(6193,118,70),
	(6194,118,91),
	(6195,118,55),
	(6196,118,25),
	(6197,118,98),
	(6198,118,35),
	(6199,119,121),
	(6200,119,119),
	(6201,119,97),
	(6202,119,110),
	(6203,119,26),
	(6204,125,141),
	(6205,125,50),
	(6206,125,20),
	(6207,125,141),
	(6208,125,100),
	(6209,125,113),
	(6210,125,9),
	(6211,126,76),
	(6212,132,117),
	(6213,132,155),
	(6214,132,155),
	(6215,132,122),
	(6216,132,5),
	(6217,132,29),
	(6218,132,113),
	(6219,132,35),
	(6220,133,99),
	(6221,133,156),
	(6222,133,120),
	(6223,133,105),
	(6224,133,18),
	(6225,133,30),
	(6226,133,60),
	(6227,133,156),
	(6228,133,109),
	(6229,133,111),
	(6230,133,29),
	(6231,133,19),
	(6232,133,119),
	(6233,133,132),
	(6234,133,21),
	(6235,133,123),
	(6236,138,10),
	(6237,138,13),
	(6238,138,9),
	(6239,139,64),
	(6240,140,154),
	(6241,140,141),
	(6242,140,100),
	(6243,140,104),
	(6244,140,20),
	(6245,140,52),
	(6246,140,9),
	(6247,146,70),
	(6248,146,24),
	(6249,146,89),
	(6250,146,18),
	(6251,146,46),
	(6252,146,101),
	(6253,147,38),
	(6254,147,20),
	(6255,147,88),
	(6256,147,24),
	(6257,147,121),
	(6258,147,118),
	(6259,147,55),
	(6260,147,156),
	(6261,147,75),
	(6262,147,25),
	(6263,147,74),
	(6264,147,18),
	(6265,147,80),
	(6266,147,151),
	(6267,147,2),
	(6268,147,45),
	(6269,147,76),
	(6270,148,149),
	(6271,148,16),
	(6272,148,75),
	(6273,148,108),
	(6274,148,74),
	(6275,148,64),
	(6276,153,42),
	(6277,153,120),
	(6278,153,84),
	(6279,153,10),
	(6280,153,84),
	(6281,153,63),
	(6282,153,63),
	(6283,153,63),
	(6284,153,117),
	(6285,153,152),
	(6286,154,122),
	(6287,154,137),
	(6288,154,91),
	(6289,154,75),
	(6290,154,146),
	(6291,154,134),
	(6292,154,158),
	(6293,154,47),
	(6294,154,53),
	(6295,154,80),
	(6296,154,56),
	(6297,155,154),
	(6298,155,135),
	(6299,155,103),
	(6300,157,69),
	(6301,157,13),
	(6302,157,111),
	(6303,157,94),
	(6304,157,159),
	(6305,157,48),
	(6306,157,106),
	(6307,157,18),
	(6308,157,120),
	(6309,157,64),
	(6310,160,72),
	(6311,160,61),
	(6312,160,69),
	(6313,160,113),
	(6314,160,149),
	(6315,160,12),
	(6316,160,93),
	(6317,160,1),
	(6318,160,151),
	(6319,160,156),
	(6320,160,92),
	(6321,160,109),
	(6322,160,19),
	(6323,160,76),
	(6324,161,19),
	(6325,161,87),
	(6326,161,100),
	(6327,161,157),
	(6328,161,91),
	(6329,161,42),
	(6330,161,73),
	(6331,161,60),
	(6332,161,135),
	(6333,161,16),
	(6334,161,151),
	(6335,161,42),
	(6336,161,152),
	(6337,165,13),
	(6338,165,19),
	(6339,165,104),
	(6340,165,120),
	(6341,165,11),
	(6342,165,114),
	(6343,165,16),
	(6344,165,123),
	(6345,166,156),
	(6346,166,158),
	(6347,166,133),
	(6348,166,123),
	(6349,167,113),
	(6350,167,128),
	(6351,167,12),
	(6352,167,47),
	(6353,167,31),
	(6354,167,60),
	(6355,167,89),
	(6356,167,149),
	(6357,167,19),
	(6358,167,124),
	(6359,167,146),
	(6360,167,125),
	(6361,167,40),
	(6362,167,28),
	(6363,167,116),
	(6364,167,35),
	(6365,168,156),
	(6366,168,9),
	(6367,174,151),
	(6368,174,130),
	(6369,174,25),
	(6370,174,44),
	(6371,174,12),
	(6372,174,152),
	(6373,175,141),
	(6374,175,147),
	(6375,175,38),
	(6376,175,101),
	(6377,181,70),
	(6378,181,47),
	(6379,181,4),
	(6380,181,155),
	(6381,181,30),
	(6382,181,60),
	(6383,181,72),
	(6384,181,117),
	(6385,181,48),
	(6386,181,58),
	(6387,181,52),
	(6388,181,149),
	(6389,181,36),
	(6390,181,138),
	(6391,181,53),
	(6392,181,64),
	(6393,182,113),
	(6394,182,5),
	(6395,182,97),
	(6396,182,23),
	(6397,182,140),
	(6398,182,35),
	(6399,188,41),
	(6400,188,58),
	(6401,188,141),
	(6402,188,18),
	(6403,188,99),
	(6404,188,130),
	(6405,188,21),
	(6406,188,64),
	(6407,189,140),
	(6408,189,129),
	(6409,189,89),
	(6410,189,89),
	(6411,189,36),
	(6412,189,154),
	(6413,189,160),
	(6414,189,10),
	(6415,189,75),
	(6416,189,18),
	(6417,189,48),
	(6418,189,113),
	(6419,189,33),
	(6420,189,55),
	(6421,189,6),
	(6422,189,142),
	(6423,189,12),
	(6424,189,2),
	(6425,189,136),
	(6426,189,140),
	(6427,189,53),
	(6428,189,82),
	(6429,195,21),
	(6430,195,38),
	(6431,195,30),
	(6432,195,126),
	(6433,196,95),
	(6434,196,138),
	(6435,196,7),
	(6436,196,28),
	(6437,196,58),
	(6438,196,132),
	(6439,196,79),
	(6440,196,69),
	(6441,196,111),
	(6442,196,153),
	(6443,196,131),
	(6444,196,80),
	(6445,196,5),
	(6446,196,102),
	(6447,196,129),
	(6448,196,129),
	(6449,196,69),
	(6450,196,38),
	(6451,196,17),
	(6452,196,147),
	(6453,196,72),
	(6454,196,67),
	(6455,196,18),
	(6456,196,35),
	(6457,209,110),
	(6458,209,84),
	(6459,209,26),
	(6460,210,83),
	(6461,210,151),
	(6462,210,101),
	(6463,216,94),
	(6464,216,160),
	(6465,216,75),
	(6466,216,48),
	(6467,216,116),
	(6468,216,125),
	(6469,216,142),
	(6470,216,36),
	(6471,216,147),
	(6472,216,137),
	(6473,216,11),
	(6474,216,78),
	(6475,216,120),
	(6476,216,49),
	(6477,216,60),
	(6478,216,149),
	(6479,216,149),
	(6480,216,121),
	(6481,216,18),
	(6482,216,155),
	(6483,216,122),
	(6484,216,112),
	(6485,216,150),
	(6486,216,102),
	(6487,216,103),
	(6488,217,8),
	(6489,217,138),
	(6490,217,100),
	(6491,217,106),
	(6492,217,113),
	(6493,217,11),
	(6494,217,60),
	(6495,217,30),
	(6496,217,61),
	(6497,217,61),
	(6498,217,159),
	(6499,217,75),
	(6500,217,10),
	(6501,217,115),
	(6502,223,85),
	(6503,223,95),
	(6504,223,76),
	(6505,224,26),
	(6506,230,74),
	(6507,230,118),
	(6508,230,9),
	(6509,231,7),
	(6510,231,98),
	(6511,231,5),
	(6512,231,57),
	(6513,231,19),
	(6514,231,76),
	(6515,237,141),
	(6516,237,149),
	(6517,237,34),
	(6518,237,88),
	(6519,237,160),
	(6520,237,9),
	(6521,238,156),
	(6522,238,113),
	(6523,238,54),
	(6524,238,149),
	(6525,238,79),
	(6526,238,81),
	(6527,238,9),
	(6528,244,58),
	(6529,244,86),
	(6530,244,42),
	(6531,244,101),
	(6532,245,120),
	(6533,245,22),
	(6534,245,59),
	(6535,245,12),
	(6536,245,66),
	(6537,245,106),
	(6538,245,135),
	(6539,245,140),
	(6540,245,121),
	(6541,245,34),
	(6542,245,138),
	(6543,245,117),
	(6544,245,129),
	(6545,245,5),
	(6546,245,122),
	(6547,245,58),
	(6548,245,89),
	(6549,245,141),
	(6550,245,114),
	(6551,245,97),
	(6552,245,137),
	(6553,245,16),
	(6554,245,81),
	(6555,245,75),
	(6556,245,81),
	(6557,245,26),
	(6558,251,38),
	(6559,251,10),
	(6560,251,118),
	(6561,251,52),
	(6562,251,35),
	(6563,252,123),
	(6564,258,43),
	(6565,259,4),
	(6566,259,101),
	(6567,265,59),
	(6568,265,82),
	(6569,266,87),
	(6570,266,53),
	(6571,266,129),
	(6572,266,111),
	(6573,266,76),
	(6574,272,75),
	(6575,272,18),
	(6576,272,13),
	(6577,272,18),
	(6578,272,25),
	(6579,272,40),
	(6580,272,55),
	(6581,272,149),
	(6582,272,152),
	(6583,273,34),
	(6584,273,54),
	(6585,273,55),
	(6586,273,104),
	(6587,273,141),
	(6588,273,154),
	(6589,273,54),
	(6590,273,140),
	(6591,273,87),
	(6592,273,146),
	(6593,273,28),
	(6594,273,13),
	(6595,273,141),
	(6596,273,114),
	(6597,273,128),
	(6598,273,107),
	(6599,273,151),
	(6600,273,140),
	(6601,273,103),
	(6602,279,62),
	(6603,279,159),
	(6604,279,120),
	(6605,279,10),
	(6606,279,89),
	(6607,279,53),
	(6608,279,95),
	(6609,279,50),
	(6610,279,42),
	(6611,279,160),
	(6612,279,81),
	(6613,279,142),
	(6614,279,74),
	(6615,279,119),
	(6616,279,90),
	(6617,279,149),
	(6618,279,13),
	(6619,279,137),
	(6620,279,149),
	(6621,279,61),
	(6622,279,79),
	(6623,279,62),
	(6624,279,58),
	(6625,279,112),
	(6626,279,141),
	(6627,279,137),
	(6628,279,82),
	(6629,280,160),
	(6630,280,10),
	(6631,280,33),
	(6632,280,115),
	(6633,286,90),
	(6634,286,33),
	(6635,286,114),
	(6636,286,125),
	(6637,286,97),
	(6638,286,145),
	(6639,286,158),
	(6640,286,107),
	(6641,286,154),
	(6642,286,117),
	(6643,286,84),
	(6644,286,124),
	(6645,286,19),
	(6646,286,32),
	(6647,286,149),
	(6648,286,72),
	(6649,286,79),
	(6650,286,70),
	(6651,286,74),
	(6652,286,49),
	(6653,286,159),
	(6654,286,61),
	(6655,286,154),
	(6656,286,9),
	(6657,287,155),
	(6658,287,135),
	(6659,287,31),
	(6660,287,56),
	(6661,288,27),
	(6662,288,103),
	(6663,289,156),
	(6664,289,26),
	(6665,290,39),
	(6666,290,9),
	(6667,293,70),
	(6668,293,62),
	(6669,293,132),
	(6670,293,26),
	(6671,294,27),
	(6672,294,151),
	(6673,294,20),
	(6674,294,112),
	(6675,294,11),
	(6676,294,27),
	(6677,294,149),
	(6678,294,92),
	(6679,294,146),
	(6680,294,56),
	(6681,300,81),
	(6682,300,56),
	(6683,301,7),
	(6684,301,65),
	(6685,301,26),
	(6686,307,149),
	(6687,307,57),
	(6688,307,151),
	(6689,307,8),
	(6690,307,52),
	(6691,307,10),
	(6692,307,34),
	(6693,307,81),
	(6694,307,82),
	(6695,308,49),
	(6696,308,114),
	(6697,308,73),
	(6698,308,15),
	(6699,308,100),
	(6700,308,68),
	(6701,308,137),
	(6702,308,2),
	(6703,308,121),
	(6704,308,24),
	(6705,308,61),
	(6706,308,35),
	(6707,311,18),
	(6708,311,140),
	(6709,311,46),
	(6710,311,126),
	(6711,314,119),
	(6712,314,39),
	(6713,314,109),
	(6714,314,70),
	(6715,314,6),
	(6716,314,149),
	(6717,314,5),
	(6718,314,86),
	(6719,314,24),
	(6720,314,119),
	(6721,314,159),
	(6722,314,83),
	(6723,314,107),
	(6724,314,22),
	(6725,314,146),
	(6726,314,138),
	(6727,314,81),
	(6728,314,4),
	(6729,314,36),
	(6730,314,75),
	(6731,314,65),
	(6732,314,159),
	(6733,314,140),
	(6734,314,84),
	(6735,314,122),
	(6736,314,43),
	(6737,315,144),
	(6738,315,126),
	(6739,321,140),
	(6740,321,107),
	(6741,321,62),
	(6742,321,18),
	(6743,321,8),
	(6744,321,129),
	(6745,321,104),
	(6746,321,146),
	(6747,321,160),
	(6748,321,109),
	(6749,321,10),
	(6750,321,18),
	(6751,321,80),
	(6752,321,44),
	(6753,321,50),
	(6754,321,32),
	(6755,321,89),
	(6756,321,160),
	(6757,321,39),
	(6758,321,156),
	(6759,321,129),
	(6760,321,76),
	(6761,322,137),
	(6762,322,24),
	(6763,322,132),
	(6764,322,9),
	(6765,323,90),
	(6766,323,148),
	(6767,323,56),
	(6768,328,126),
	(6769,329,156),
	(6770,329,72),
	(6771,329,16),
	(6772,329,128),
	(6773,329,103),
	(6774,335,117),
	(6775,335,122),
	(6776,335,51),
	(6777,335,19),
	(6778,335,123),
	(6779,336,86),
	(6780,336,77),
	(6781,336,19),
	(6782,336,111),
	(6783,336,81),
	(6784,336,101),
	(6785,339,71),
	(6786,339,7),
	(6787,339,156),
	(6788,339,83),
	(6789,339,42),
	(6790,339,135),
	(6791,339,132),
	(6792,339,21),
	(6793,339,10),
	(6794,339,16),
	(6795,339,115),
	(6796,342,150),
	(6797,342,24),
	(6798,342,8),
	(6799,342,16),
	(6800,342,85),
	(6801,342,81),
	(6802,342,146),
	(6803,342,53),
	(6804,342,151),
	(6805,342,119),
	(6806,342,109),
	(6807,342,92),
	(6808,342,126),
	(6809,343,155),
	(6810,343,153),
	(6811,343,56),
	(6812,349,108),
	(6813,349,120),
	(6814,349,63),
	(6815,349,144),
	(6816,349,2),
	(6817,349,113),
	(6818,349,152),
	(6819,350,135),
	(6820,350,52),
	(6821,350,76),
	(6822,356,79),
	(6823,356,10),
	(6824,356,151),
	(6825,356,141),
	(6826,356,123),
	(6827,357,58),
	(6828,357,141),
	(6829,357,149),
	(6830,357,64),
	(6831,363,30),
	(6832,363,119),
	(6833,363,112),
	(6834,363,6),
	(6835,363,119),
	(6836,363,133),
	(6837,363,106),
	(6838,363,41),
	(6839,363,70),
	(6840,363,103),
	(6841,364,26),
	(6842,370,107),
	(6843,370,88),
	(6844,370,112),
	(6845,370,136),
	(6846,370,97),
	(6847,370,151),
	(6848,370,143),
	(6849,370,29),
	(6850,370,124),
	(6851,370,102),
	(6852,370,75),
	(6853,370,10),
	(6854,370,46),
	(6855,370,117),
	(6856,370,156),
	(6857,370,2),
	(6858,370,68),
	(6859,370,160),
	(6860,370,7),
	(6861,370,142),
	(6862,370,45),
	(6863,370,40),
	(6864,370,149),
	(6865,370,122),
	(6866,370,16),
	(6867,370,125),
	(6868,370,113),
	(6869,370,147),
	(6870,370,131),
	(6871,370,149),
	(6872,370,159),
	(6873,370,81),
	(6874,370,64),
	(6875,371,70),
	(6876,371,63),
	(6877,371,158),
	(6878,371,120),
	(6879,371,42),
	(6880,371,36),
	(6881,371,21),
	(6882,371,120),
	(6883,371,64),
	(6884,375,162),
	(6885,375,125),
	(6886,375,135),
	(6887,375,52),
	(6888,375,76),
	(6889,377,137),
	(6890,377,24),
	(6891,377,137),
	(6892,377,100),
	(6893,377,113),
	(6894,377,122),
	(6895,377,42),
	(6896,377,108),
	(6897,377,77),
	(6898,377,162),
	(6899,377,64),
	(6900,378,91),
	(6901,378,156),
	(6902,378,10),
	(6903,378,147),
	(6904,378,127),
	(6905,378,77),
	(6906,378,14),
	(6907,378,9),
	(6908,384,55),
	(6909,384,48),
	(6910,384,156),
	(6911,384,137),
	(6912,384,92),
	(6913,384,6),
	(6914,384,147),
	(6915,384,116),
	(6916,384,142),
	(6917,384,27),
	(6918,384,60),
	(6919,384,145),
	(6920,384,61),
	(6921,384,61),
	(6922,384,156),
	(6923,384,58),
	(6924,384,103),
	(6925,385,135),
	(6926,385,129),
	(6927,385,68),
	(6928,385,132),
	(6929,385,135),
	(6930,385,113),
	(6931,385,12),
	(6932,385,131),
	(6933,385,20),
	(6934,385,9),
	(6935,391,73),
	(6936,391,137),
	(6937,391,135),
	(6938,391,137),
	(6939,391,78),
	(6940,391,134),
	(6941,391,129),
	(6942,391,6),
	(6943,391,137),
	(6944,391,76),
	(6945,392,161),
	(6946,392,43),
	(6947,393,150),
	(6948,393,152),
	(6949,398,13),
	(6950,398,156),
	(6951,398,79),
	(6952,398,124),
	(6953,398,87),
	(6954,398,37),
	(6955,398,114),
	(6956,398,11),
	(6957,398,31),
	(6958,398,54),
	(6959,398,34),
	(6960,398,133),
	(6961,398,59),
	(6962,398,33),
	(6963,398,86),
	(6964,398,30),
	(6965,398,130),
	(6966,398,76),
	(6967,399,43),
	(6968,405,156),
	(6969,405,18),
	(6970,405,38),
	(6971,405,63),
	(6972,405,33),
	(6973,405,79),
	(6974,405,86),
	(6975,405,98),
	(6976,405,108),
	(6977,405,17),
	(6978,405,59),
	(6979,405,147),
	(6980,405,73),
	(6981,405,113),
	(6982,405,12),
	(6983,405,13),
	(6984,405,18),
	(6985,405,155),
	(6986,405,97),
	(6987,405,149),
	(6988,405,35),
	(6989,406,151),
	(6990,406,7),
	(6991,406,56),
	(6992,412,63),
	(6993,412,27),
	(6994,412,43),
	(6995,413,120),
	(6996,413,106),
	(6997,413,125),
	(6998,413,44),
	(6999,413,141),
	(7000,413,72),
	(7001,413,1),
	(7002,413,45),
	(7003,413,1),
	(7004,413,157),
	(7005,413,123),
	(7006,418,1),
	(7007,418,4),
	(7008,418,13),
	(7009,418,53),
	(7010,418,5),
	(7011,418,103),
	(7012,419,151),
	(7013,419,80),
	(7014,419,118),
	(7015,419,99),
	(7016,419,57),
	(7017,419,24),
	(7018,419,9),
	(7019,420,109),
	(7020,420,123),
	(7021,422,124),
	(7022,422,128),
	(7023,422,140),
	(7024,422,162),
	(7025,422,61),
	(7026,422,132),
	(7027,422,19),
	(7028,422,128),
	(7029,422,97),
	(7030,422,64),
	(7031,426,129),
	(7032,426,50),
	(7033,426,106),
	(7034,426,82),
	(7035,427,5),
	(7036,427,42),
	(7037,427,64),
	(7038,433,131),
	(7039,433,70),
	(7040,433,62),
	(7041,433,80),
	(7042,433,108),
	(7043,433,90),
	(7044,433,26),
	(7045,434,100),
	(7046,434,25),
	(7047,434,121),
	(7048,434,12),
	(7049,434,87),
	(7050,434,142),
	(7051,434,64),
	(7052,440,161),
	(7053,440,35),
	(7054,441,159),
	(7055,441,18),
	(7056,441,2),
	(7057,441,37),
	(7058,441,36),
	(7059,441,35),
	(7060,447,44),
	(7061,447,50),
	(7062,447,75),
	(7063,447,89),
	(7064,447,26),
	(7065,448,143),
	(7066,448,151),
	(7067,448,13),
	(7068,448,18),
	(7069,448,156),
	(7070,448,70),
	(7071,448,59),
	(7072,448,17),
	(7073,448,55),
	(7074,448,133),
	(7075,448,36),
	(7076,448,108),
	(7077,448,67),
	(7078,448,13),
	(7079,448,1),
	(7080,448,141),
	(7081,448,17),
	(7082,448,159),
	(7083,448,8),
	(7084,448,126),
	(7085,454,33),
	(7086,454,156),
	(7087,454,90),
	(7088,454,154),
	(7089,454,136),
	(7090,454,76),
	(7091,455,92),
	(7092,455,56),
	(7093,461,89),
	(7094,461,125),
	(7095,461,31),
	(7096,461,104),
	(7097,461,141),
	(7098,461,113),
	(7099,461,41),
	(7100,461,136),
	(7101,461,94),
	(7102,461,129),
	(7103,461,102),
	(7104,461,85),
	(7105,461,160),
	(7106,461,104),
	(7107,461,148),
	(7108,461,152),
	(7109,462,94),
	(7110,462,9),
	(7111,468,74),
	(7112,468,32),
	(7113,468,94),
	(7114,468,154),
	(7115,468,109),
	(7116,468,17),
	(7117,468,60),
	(7118,468,141),
	(7119,468,113),
	(7120,468,146),
	(7121,468,91),
	(7122,468,21),
	(7123,468,23),
	(7124,468,92),
	(7125,468,53),
	(7126,468,94),
	(7127,468,46),
	(7128,468,36),
	(7129,468,132),
	(7130,468,148),
	(7131,468,61),
	(7132,468,61),
	(7133,468,130),
	(7134,468,27),
	(7135,468,156),
	(7136,468,5),
	(7137,468,135),
	(7138,468,68),
	(7139,468,127),
	(7140,468,101),
	(7141,469,21),
	(7142,469,118),
	(7143,469,62),
	(7144,469,47),
	(7145,469,110),
	(7146,469,148),
	(7147,469,102),
	(7148,469,123),
	(7149,475,53),
	(7150,475,107),
	(7151,475,17),
	(7152,475,16),
	(7153,475,56),
	(7154,476,132),
	(7155,476,26),
	(7156,482,115),
	(7157,483,162),
	(7158,483,91),
	(7159,483,125),
	(7160,483,61),
	(7161,483,30),
	(7162,483,99),
	(7163,483,57),
	(7164,483,113),
	(7165,483,2),
	(7166,483,15),
	(7167,483,9),
	(7168,489,132),
	(7169,489,12),
	(7170,489,26),
	(7171,490,146),
	(7172,490,8),
	(7173,490,124),
	(7174,490,41),
	(7175,490,94),
	(7176,490,120),
	(7177,490,136),
	(7178,490,26),
	(7179,492,120),
	(7180,492,160),
	(7181,492,74),
	(7182,492,66),
	(7183,492,18),
	(7184,492,18),
	(7185,492,161),
	(7186,492,123),
	(7187,496,121),
	(7188,496,17),
	(7189,496,110),
	(7190,496,151),
	(7191,496,56),
	(7192,497,158),
	(7193,497,107),
	(7194,497,130),
	(7195,497,18),
	(7196,497,91),
	(7197,497,137),
	(7198,497,92),
	(7199,497,11),
	(7200,497,67),
	(7201,497,4),
	(7202,497,89),
	(7203,497,111),
	(7204,497,113),
	(7205,497,147),
	(7206,497,83),
	(7207,497,12),
	(7208,497,44),
	(7209,497,140),
	(7210,497,6),
	(7211,497,35),
	(7212,503,138),
	(7213,503,50),
	(7214,503,72),
	(7215,503,159),
	(7216,503,137),
	(7217,503,141),
	(7218,503,112),
	(7219,503,96),
	(7220,503,114),
	(7221,503,1),
	(7222,503,9),
	(7223,504,29),
	(7224,504,63),
	(7225,504,35),
	(7226,509,72),
	(7227,509,84),
	(7228,509,32),
	(7229,509,154),
	(7230,509,75),
	(7231,509,149),
	(7232,509,143),
	(7233,509,56),
	(7234,510,123),
	(7235,511,106),
	(7236,511,120),
	(7237,511,103),
	(7238,512,117),
	(7239,512,144),
	(7240,512,158),
	(7241,512,18),
	(7242,512,135),
	(7243,512,162),
	(7244,512,67),
	(7245,512,154),
	(7246,512,73),
	(7247,512,26),
	(7248,513,66),
	(7249,513,124),
	(7250,513,48),
	(7251,513,74),
	(7252,513,117),
	(7253,513,75),
	(7254,513,72),
	(7255,513,31),
	(7256,513,16),
	(7257,513,92),
	(7258,513,5),
	(7259,513,18),
	(7260,513,152),
	(7261,514,151),
	(7262,514,53),
	(7263,514,44),
	(7264,514,109),
	(7265,514,32),
	(7266,514,95),
	(7267,514,21),
	(7268,514,122),
	(7269,514,36),
	(7270,514,76),
	(7271,517,121),
	(7272,517,153),
	(7273,517,118),
	(7274,517,161),
	(7275,517,113),
	(7276,517,29),
	(7277,517,18),
	(7278,517,87),
	(7279,517,83),
	(7280,517,122),
	(7281,517,112),
	(7282,517,96),
	(7283,517,115),
	(7284,518,137),
	(7285,518,53),
	(7286,518,9),
	(7287,519,108),
	(7288,519,66),
	(7289,519,118),
	(7290,519,86),
	(7291,520,83),
	(7292,520,31),
	(7293,521,77),
	(7294,521,123),
	(7299,524,150),
	(7300,524,41),
	(7301,524,55),
	(7302,524,50),
	(7303,524,104),
	(7304,524,130),
	(7305,524,18),
	(7306,524,154),
	(7307,524,117),
	(7308,524,56),
	(7309,525,138),
	(7310,525,20),
	(7311,525,44),
	(7312,525,31),
	(7313,525,119),
	(7314,525,9),
	(7315,131,42),
	(7316,131,139),
	(7333,206,173),
	(7334,206,177),
	(7335,206,176),
	(7336,206,175),
	(7356,207,174),
	(7357,207,178),
	(7358,207,179),
	(7359,207,180),
	(7360,5,143),
	(7361,5,48),
	(7362,5,116),
	(7363,5,41),
	(7364,5,132),
	(7365,5,123),
	(7366,6,125),
	(7367,6,119),
	(7368,6,144),
	(7369,6,62),
	(7370,6,162),
	(7371,6,154),
	(7372,6,115),
	(7373,13,50),
	(7374,13,84),
	(7375,13,35),
	(7376,14,97),
	(7377,14,133),
	(7378,14,111),
	(7379,14,97),
	(7380,14,56),
	(7381,20,53),
	(7382,20,132),
	(7383,20,145),
	(7384,20,4),
	(7385,20,123),
	(7386,21,97),
	(7387,21,108),
	(7388,21,101),
	(7389,27,141),
	(7390,27,149),
	(7391,27,113),
	(7392,27,122),
	(7393,27,106),
	(7394,27,138),
	(7395,27,82),
	(7396,28,35),
	(7397,29,80),
	(7398,29,79),
	(7399,29,82),
	(7400,30,54),
	(7401,30,138),
	(7402,30,38),
	(7403,30,18),
	(7404,30,6),
	(7405,30,125),
	(7406,30,151),
	(7407,30,162),
	(7408,30,152),
	(7409,31,42),
	(7410,31,61),
	(7411,31,72),
	(7412,31,22),
	(7413,31,57),
	(7414,31,112),
	(7415,31,68),
	(7416,31,120),
	(7417,31,117),
	(7418,31,13),
	(7419,31,5),
	(7420,31,13),
	(7421,31,97),
	(7422,31,16),
	(7423,31,64),
	(7424,32,13),
	(7425,32,148),
	(7426,32,52),
	(7427,32,122),
	(7428,32,12),
	(7429,32,81),
	(7430,32,123),
	(7431,33,110),
	(7432,33,35),
	(7433,34,101),
	(7434,35,94),
	(7435,35,49),
	(7436,35,49),
	(7437,35,154),
	(7438,35,128),
	(7439,35,107),
	(7440,35,35),
	(7441,41,122),
	(7442,41,30),
	(7443,41,123),
	(7444,42,53),
	(7445,42,74),
	(7446,42,106),
	(7447,42,97),
	(7448,42,43),
	(7449,48,125),
	(7450,48,149),
	(7451,48,162),
	(7452,48,9),
	(7453,49,35),
	(7454,50,41),
	(7455,50,120),
	(7456,50,16),
	(7457,50,47),
	(7458,50,35),
	(7459,55,155),
	(7460,55,22),
	(7461,55,64),
	(7462,56,81),
	(7463,56,4),
	(7464,56,104),
	(7465,56,111),
	(7466,56,8),
	(7467,56,10),
	(7468,56,34),
	(7469,56,39),
	(7470,56,39),
	(7471,56,53),
	(7472,56,137),
	(7473,56,146),
	(7474,56,153),
	(7475,56,1),
	(7476,56,111),
	(7477,56,42),
	(7478,56,146),
	(7479,56,4),
	(7480,56,42),
	(7481,56,82),
	(7482,57,24),
	(7483,57,11),
	(7484,57,97),
	(7485,57,49),
	(7486,57,156),
	(7487,57,93),
	(7488,57,76),
	(7489,58,149),
	(7490,58,71),
	(7491,58,63),
	(7492,58,151),
	(7493,58,96),
	(7494,58,15),
	(7495,58,84),
	(7496,58,93),
	(7497,58,123),
	(7498,62,32),
	(7499,62,162),
	(7500,62,103),
	(7501,63,4),
	(7502,63,120),
	(7503,63,110),
	(7504,63,25),
	(7505,63,141),
	(7506,63,116),
	(7507,63,122),
	(7508,63,72),
	(7509,63,34),
	(7510,63,42),
	(7511,63,4),
	(7512,63,44),
	(7513,63,132),
	(7514,63,80),
	(7515,63,39),
	(7516,63,31),
	(7517,63,42),
	(7518,63,9),
	(7519,65,42),
	(7520,65,149),
	(7521,65,50),
	(7522,65,120),
	(7523,65,72),
	(7524,65,155),
	(7525,65,42),
	(7526,65,107),
	(7527,65,15),
	(7528,65,12),
	(7529,65,98),
	(7530,65,155),
	(7531,65,20),
	(7532,65,75),
	(7533,65,135),
	(7534,65,43),
	(7535,69,2),
	(7536,69,48),
	(7537,69,4),
	(7538,69,37),
	(7539,69,13),
	(7540,69,43),
	(7541,70,17),
	(7542,70,4),
	(7543,70,47),
	(7544,70,156),
	(7545,70,156),
	(7546,70,151),
	(7547,70,76),
	(7548,76,152),
	(7549,77,29),
	(7550,77,43),
	(7551,83,52),
	(7552,83,123),
	(7553,84,149),
	(7554,84,6),
	(7555,84,83),
	(7556,84,113),
	(7557,84,146),
	(7558,84,100),
	(7559,84,134),
	(7560,84,21),
	(7561,84,126),
	(7562,89,37),
	(7563,89,23),
	(7564,89,83),
	(7565,89,54),
	(7566,89,151),
	(7567,89,65),
	(7568,89,130),
	(7569,89,9),
	(7570,90,154),
	(7571,90,26),
	(7572,91,129),
	(7573,91,64),
	(7574,97,122),
	(7575,97,115),
	(7576,98,137),
	(7577,98,146),
	(7578,98,12),
	(7579,98,153),
	(7580,98,8),
	(7581,98,156),
	(7582,98,150),
	(7583,98,72),
	(7584,98,130),
	(7585,98,96),
	(7586,98,109),
	(7587,98,125),
	(7588,98,52),
	(7589,98,147),
	(7590,98,150),
	(7591,98,50),
	(7592,98,55),
	(7593,98,78),
	(7594,98,106),
	(7595,98,10),
	(7596,98,39),
	(7597,98,89),
	(7598,98,15),
	(7599,98,59),
	(7600,98,83),
	(7601,98,157),
	(7602,98,18),
	(7603,98,61),
	(7604,98,10),
	(7605,98,12),
	(7606,98,95),
	(7607,98,101),
	(7608,104,129),
	(7609,104,103),
	(7610,105,105),
	(7611,105,129),
	(7612,105,132),
	(7613,105,103),
	(7614,111,35),
	(7615,112,4),
	(7616,112,87),
	(7617,112,144),
	(7618,112,41),
	(7619,112,109),
	(7620,112,55),
	(7621,112,26),
	(7622,118,122),
	(7623,118,133),
	(7624,118,63),
	(7625,118,34),
	(7626,118,135),
	(7627,118,103),
	(7628,119,5),
	(7629,119,5),
	(7630,119,120),
	(7631,119,156),
	(7632,119,56),
	(7633,125,54),
	(7634,125,61),
	(7635,125,17),
	(7636,125,158),
	(7637,125,121),
	(7638,125,8),
	(7639,125,144),
	(7640,125,123),
	(7641,126,123),
	(7642,132,113),
	(7643,132,112),
	(7644,132,153),
	(7645,132,111),
	(7646,132,59),
	(7647,132,126),
	(7648,133,17),
	(7649,133,119),
	(7650,133,9),
	(7651,138,24),
	(7652,138,77),
	(7653,138,8),
	(7654,138,58),
	(7655,138,55),
	(7656,138,5),
	(7657,138,36),
	(7658,138,81),
	(7659,138,152),
	(7660,139,125),
	(7661,139,18),
	(7662,139,2),
	(7663,139,81),
	(7664,139,50),
	(7665,139,71),
	(7666,139,100),
	(7667,139,82),
	(7668,140,122),
	(7669,140,80),
	(7670,140,26),
	(7671,146,106),
	(7672,146,138),
	(7673,146,58),
	(7674,146,41),
	(7675,146,87),
	(7676,146,148),
	(7677,146,152),
	(7678,147,151),
	(7679,147,1),
	(7680,147,81),
	(7681,147,117),
	(7682,147,48),
	(7683,147,59),
	(7684,147,10),
	(7685,147,74),
	(7686,147,35),
	(7687,148,120),
	(7688,148,136),
	(7689,148,72),
	(7690,148,133),
	(7691,148,18),
	(7692,148,128),
	(7693,148,61),
	(7694,148,153),
	(7695,148,40),
	(7696,148,22),
	(7697,148,74),
	(7698,148,58),
	(7699,148,138),
	(7700,148,80),
	(7701,148,63),
	(7702,148,122),
	(7703,148,41),
	(7704,148,94),
	(7705,148,136),
	(7706,148,52),
	(7707,148,28),
	(7708,148,146),
	(7709,148,13),
	(7710,148,124),
	(7711,148,97),
	(7712,148,147),
	(7713,148,67),
	(7714,148,13),
	(7715,148,1),
	(7716,148,73),
	(7717,148,70),
	(7718,148,120),
	(7719,148,52),
	(7720,148,26),
	(7721,153,84),
	(7722,153,91),
	(7723,153,141),
	(7724,153,135),
	(7725,153,122),
	(7726,153,146),
	(7727,153,62),
	(7728,153,138),
	(7729,153,40),
	(7730,153,53),
	(7731,153,44),
	(7732,153,159),
	(7733,153,151),
	(7734,153,152),
	(7735,154,76),
	(7736,155,1),
	(7737,155,61),
	(7738,155,112),
	(7739,155,152),
	(7740,157,72),
	(7741,157,50),
	(7742,157,49),
	(7743,157,41),
	(7744,157,18),
	(7745,157,156),
	(7746,157,2),
	(7747,157,129),
	(7748,157,117),
	(7749,157,4),
	(7750,157,45),
	(7751,157,102),
	(7752,157,26),
	(7753,160,61),
	(7754,160,57),
	(7755,160,94),
	(7756,160,123),
	(7757,161,142),
	(7758,161,140),
	(7759,161,57),
	(7760,161,20),
	(7761,161,145),
	(7762,161,124),
	(7763,161,120),
	(7764,161,99),
	(7765,161,11),
	(7766,161,42),
	(7767,161,48),
	(7768,161,105),
	(7769,161,69),
	(7770,161,156),
	(7771,161,148),
	(7772,161,58),
	(7773,161,86),
	(7774,161,107),
	(7775,161,115),
	(7776,165,135),
	(7777,165,48),
	(7778,165,32),
	(7779,165,75),
	(7780,165,89),
	(7781,165,149),
	(7782,165,40),
	(7783,165,150),
	(7784,165,156),
	(7785,165,52),
	(7786,165,10),
	(7787,165,11),
	(7788,165,7),
	(7789,165,86),
	(7790,165,137),
	(7791,165,156),
	(7792,165,11),
	(7793,165,18),
	(7794,165,90),
	(7795,165,35),
	(7796,166,146),
	(7797,166,80),
	(7798,166,162),
	(7799,166,119),
	(7800,166,64),
	(7801,167,78),
	(7802,167,15),
	(7803,167,52),
	(7804,167,57),
	(7805,167,30),
	(7806,167,22),
	(7807,167,4),
	(7808,167,10),
	(7809,167,20),
	(7810,167,18),
	(7811,167,82),
	(7812,168,70),
	(7813,168,83),
	(7814,168,20),
	(7815,168,148),
	(7816,168,122),
	(7817,168,12),
	(7818,168,53),
	(7819,168,111),
	(7820,168,100),
	(7821,168,112),
	(7822,168,125),
	(7823,168,137),
	(7824,168,119),
	(7825,168,151),
	(7826,168,145),
	(7827,168,27),
	(7828,168,120),
	(7829,168,18),
	(7830,168,134),
	(7831,168,156),
	(7832,168,48),
	(7833,168,134),
	(7834,168,141),
	(7835,168,72),
	(7836,168,137),
	(7837,168,24),
	(7838,168,152),
	(7839,174,156),
	(7840,174,142),
	(7841,174,162),
	(7842,174,83),
	(7843,174,152),
	(7844,175,62),
	(7845,175,129),
	(7846,175,82),
	(7847,181,58),
	(7848,181,152),
	(7849,182,60),
	(7850,182,36),
	(7851,182,12),
	(7852,182,137),
	(7853,182,81),
	(7854,182,74),
	(7855,182,154),
	(7856,182,64),
	(7857,188,60),
	(7858,188,49),
	(7859,188,142),
	(7860,188,133),
	(7861,188,44),
	(7862,188,75),
	(7863,188,112),
	(7864,188,156),
	(7865,188,21),
	(7866,188,156),
	(7867,188,18),
	(7868,188,26),
	(7869,189,106),
	(7870,189,68),
	(7871,189,11),
	(7872,189,62),
	(7873,189,137),
	(7874,189,107),
	(7875,189,105),
	(7876,189,18),
	(7877,189,61),
	(7878,189,42),
	(7879,189,58),
	(7880,189,18),
	(7881,189,29),
	(7882,189,82),
	(7883,195,141),
	(7884,195,135),
	(7885,195,108),
	(7886,195,70),
	(7887,195,155),
	(7888,195,72),
	(7889,195,5),
	(7890,195,55),
	(7891,195,38),
	(7892,195,55),
	(7893,195,40),
	(7894,195,50),
	(7895,195,117),
	(7896,195,154),
	(7897,195,41),
	(7898,195,149),
	(7899,195,103),
	(7900,196,146),
	(7901,196,123),
	(7902,209,132),
	(7903,209,123),
	(7904,210,100),
	(7905,210,76),
	(7906,216,149),
	(7907,216,157),
	(7908,216,141),
	(7909,216,59),
	(7910,216,147),
	(7911,216,81),
	(7912,216,109),
	(7913,216,4),
	(7914,216,9),
	(7915,217,11),
	(7916,217,90),
	(7917,217,9),
	(7918,223,138),
	(7919,223,15),
	(7920,223,115),
	(7921,224,140),
	(7922,224,48),
	(7923,224,63),
	(7924,224,56),
	(7925,230,88),
	(7926,230,31),
	(7927,230,44),
	(7928,230,151),
	(7929,230,5),
	(7930,230,76),
	(7931,231,38),
	(7932,231,41),
	(7933,231,14),
	(7934,231,59),
	(7935,231,126),
	(7936,237,29),
	(7937,237,1),
	(7938,237,159),
	(7939,237,32),
	(7940,237,108),
	(7941,237,61),
	(7942,237,17),
	(7943,237,9),
	(7944,238,149),
	(7945,238,138),
	(7946,238,149),
	(7947,238,126),
	(7948,244,105),
	(7949,244,90),
	(7950,244,33),
	(7951,244,106),
	(7952,244,156),
	(7953,244,93),
	(7954,244,133),
	(7955,244,41),
	(7956,244,145),
	(7957,244,30),
	(7958,244,94),
	(7959,244,34),
	(7960,244,100),
	(7961,244,110),
	(7962,244,56),
	(7963,245,61),
	(7964,245,120),
	(7965,245,73),
	(7966,245,47),
	(7967,245,100),
	(7968,245,120),
	(7969,245,1),
	(7970,245,140),
	(7971,245,97),
	(7972,245,15),
	(7973,245,149),
	(7974,245,55),
	(7975,245,10),
	(7976,245,152),
	(7977,251,99),
	(7978,251,83),
	(7979,251,11),
	(7980,251,83),
	(7981,251,96),
	(7982,251,152),
	(7983,252,154),
	(7984,252,130),
	(7985,252,156),
	(7986,252,101),
	(7987,258,84),
	(7988,258,28),
	(7989,258,97),
	(7990,258,97),
	(7991,258,56),
	(7992,259,95),
	(7993,259,156),
	(7994,259,100),
	(7995,259,109),
	(7996,259,1),
	(7997,259,80),
	(7998,259,26),
	(7999,265,101),
	(8000,266,41),
	(8001,266,122),
	(8002,266,161),
	(8003,266,149),
	(8004,266,82),
	(8005,272,31),
	(8006,272,19),
	(8007,272,101),
	(8008,273,128),
	(8009,273,137),
	(8010,273,42),
	(8011,273,4),
	(8012,273,113),
	(8013,273,32),
	(8014,273,94),
	(8015,273,43),
	(8016,279,152),
	(8017,280,52),
	(8018,280,22),
	(8019,280,52),
	(8020,280,142),
	(8021,280,46),
	(8022,280,119),
	(8023,280,156),
	(8024,280,137),
	(8025,280,131),
	(8026,280,97),
	(8027,280,125),
	(8028,280,141),
	(8029,280,159),
	(8030,280,23),
	(8031,280,41),
	(8032,280,78),
	(8033,280,29),
	(8034,280,22),
	(8035,280,31),
	(8036,280,50),
	(8037,280,103),
	(8038,286,125),
	(8039,286,129),
	(8040,286,123),
	(8041,287,27),
	(8042,287,38),
	(8043,287,146),
	(8044,287,82),
	(8045,288,37),
	(8046,288,113),
	(8047,288,149),
	(8048,288,61),
	(8049,288,56),
	(8050,289,154),
	(8051,289,42),
	(8052,289,72),
	(8053,289,2),
	(8054,289,20),
	(8055,289,18),
	(8056,289,133),
	(8057,289,81),
	(8058,289,100),
	(8059,289,141),
	(8060,289,12),
	(8061,289,79),
	(8062,289,100),
	(8063,289,123),
	(8064,290,120),
	(8065,290,126),
	(8066,293,84),
	(8067,293,73),
	(8068,293,45),
	(8069,293,117),
	(8070,293,11),
	(8071,293,137),
	(8072,293,127),
	(8073,293,150),
	(8074,293,8),
	(8075,293,160),
	(8076,293,40),
	(8077,293,13),
	(8078,293,127),
	(8079,293,36),
	(8080,293,159),
	(8081,293,88),
	(8082,293,11),
	(8083,293,90),
	(8084,293,4),
	(8085,293,137),
	(8086,293,138),
	(8087,293,113),
	(8088,293,11),
	(8089,293,58),
	(8090,293,158),
	(8091,293,23),
	(8092,293,47),
	(8093,293,128),
	(8094,293,45),
	(8095,293,63),
	(8096,293,69),
	(8097,293,42),
	(8098,293,117),
	(8099,293,36),
	(8100,293,36),
	(8101,293,61),
	(8102,293,35),
	(8103,294,132),
	(8104,294,18),
	(8105,294,100),
	(8106,294,115),
	(8107,300,126),
	(8108,301,35),
	(8109,307,112),
	(8110,307,36),
	(8111,307,151),
	(8112,307,129),
	(8113,307,33),
	(8114,307,120),
	(8115,307,101),
	(8116,308,89),
	(8117,308,35),
	(8118,311,122),
	(8119,311,160),
	(8120,311,146),
	(8121,311,48),
	(8122,311,120),
	(8123,311,114),
	(8124,311,12),
	(8125,311,125),
	(8126,311,42),
	(8127,311,129),
	(8128,311,32),
	(8129,311,117),
	(8130,311,97),
	(8131,311,129),
	(8132,311,112),
	(8133,311,81),
	(8134,311,35),
	(8135,314,137),
	(8136,314,61),
	(8137,314,137),
	(8138,314,33),
	(8139,314,74),
	(8140,314,120),
	(8141,314,151),
	(8142,314,149),
	(8143,314,100),
	(8144,314,103),
	(8145,315,156),
	(8146,315,152),
	(8147,321,115),
	(8148,322,54),
	(8149,322,146),
	(8150,322,120),
	(8151,322,76),
	(8152,323,75),
	(8153,323,49),
	(8154,323,132),
	(8155,323,90),
	(8156,323,133),
	(8157,323,125),
	(8158,323,43),
	(8159,324,136),
	(8160,324,162),
	(8161,324,131),
	(8162,324,9),
	(8163,325,136),
	(8164,325,5),
	(8165,325,146),
	(8166,325,132),
	(8167,325,51),
	(8168,325,152),
	(8169,328,15),
	(8170,328,105),
	(8171,328,18),
	(8172,328,78),
	(8173,328,122),
	(8174,328,75),
	(8175,328,100),
	(8176,328,136),
	(8177,328,81),
	(8178,328,143),
	(8179,328,151),
	(8180,328,61),
	(8181,328,122),
	(8182,328,87),
	(8183,328,99),
	(8184,328,43),
	(8185,329,37),
	(8186,329,119),
	(8187,329,12),
	(8188,329,56),
	(8189,335,54),
	(8190,335,28),
	(8191,335,72),
	(8192,335,16),
	(8193,335,125),
	(8194,335,61),
	(8195,335,133),
	(8196,335,61),
	(8197,335,81),
	(8198,335,99),
	(8199,335,67),
	(8200,335,82),
	(8201,336,1),
	(8202,336,160),
	(8203,336,101),
	(8204,339,78),
	(8205,339,156),
	(8206,339,113),
	(8207,339,113),
	(8208,339,61),
	(8209,339,33),
	(8210,339,150),
	(8211,339,58),
	(8212,339,76),
	(8213,342,149),
	(8214,342,141),
	(8215,342,46),
	(8216,342,103),
	(8217,343,42),
	(8218,343,80),
	(8219,343,137),
	(8220,343,24),
	(8221,343,137),
	(8222,343,61),
	(8223,343,34),
	(8224,343,160),
	(8225,343,121),
	(8226,343,53),
	(8227,343,17),
	(8228,343,32),
	(8229,343,158),
	(8230,343,69),
	(8231,343,83),
	(8232,343,160),
	(8233,343,84),
	(8234,343,152),
	(8235,349,38),
	(8236,349,26),
	(8237,350,26),
	(8238,356,117),
	(8239,356,151),
	(8240,356,31),
	(8241,356,137),
	(8242,356,55),
	(8243,356,10),
	(8244,356,84),
	(8245,356,152),
	(8246,357,151),
	(8247,357,101),
	(8248,363,43),
	(8249,364,149),
	(8250,364,158),
	(8251,364,43),
	(8252,370,118),
	(8253,370,39),
	(8254,370,109),
	(8255,370,81),
	(8256,370,12),
	(8257,370,125),
	(8258,370,96),
	(8259,370,161),
	(8260,370,158),
	(8261,370,62),
	(8262,370,59),
	(8263,370,84),
	(8264,370,56),
	(8265,371,130),
	(8266,371,155),
	(8267,371,2),
	(8268,371,148),
	(8269,371,133),
	(8270,371,35),
	(8271,375,155),
	(8272,375,48),
	(8273,375,24),
	(8274,375,81),
	(8275,375,136),
	(8276,375,58),
	(8277,375,147),
	(8278,375,90),
	(8279,375,62),
	(8280,375,49),
	(8281,375,64),
	(8282,376,109),
	(8283,376,133),
	(8284,376,124),
	(8285,376,123),
	(8286,377,93),
	(8287,377,2),
	(8288,377,20),
	(8289,377,82),
	(8290,378,138),
	(8291,378,156),
	(8292,378,135),
	(8293,378,41),
	(8294,378,113),
	(8295,378,82),
	(8296,379,90),
	(8297,379,90),
	(8298,379,18),
	(8299,379,151),
	(8300,379,70),
	(8301,379,75),
	(8302,379,107),
	(8303,379,125),
	(8304,379,88),
	(8305,379,14),
	(8306,379,35),
	(8307,384,91),
	(8308,384,118),
	(8309,384,69),
	(8310,384,120),
	(8311,384,131),
	(8312,384,141),
	(8313,384,55),
	(8314,384,5),
	(8315,384,62),
	(8316,384,138),
	(8317,384,156),
	(8318,384,156),
	(8319,384,58),
	(8320,384,74),
	(8321,384,81),
	(8322,384,36),
	(8323,384,101),
	(8324,385,118),
	(8325,385,113),
	(8326,385,142),
	(8327,385,45),
	(8328,385,123),
	(8329,391,117),
	(8330,391,148),
	(8331,391,100),
	(8332,391,132),
	(8333,391,35),
	(8334,392,33),
	(8335,392,16),
	(8336,392,110),
	(8337,392,112),
	(8338,392,126),
	(8339,393,151),
	(8340,393,45),
	(8341,393,78),
	(8342,393,89),
	(8343,393,40),
	(8344,393,23),
	(8345,393,56),
	(8346,394,126),
	(8347,395,139),
	(8348,395,56),
	(8349,396,144),
	(8350,396,48),
	(8351,396,8),
	(8352,396,49),
	(8353,396,81),
	(8354,396,74),
	(8355,396,24),
	(8356,396,38),
	(8357,396,127),
	(8358,396,155),
	(8359,396,35),
	(8360,397,75),
	(8361,397,114),
	(8362,397,6),
	(8363,397,58),
	(8364,397,119),
	(8365,397,137),
	(8366,397,32),
	(8367,397,138),
	(8368,397,18),
	(8369,397,158),
	(8370,397,17),
	(8371,397,137),
	(8372,397,25),
	(8373,397,54),
	(8374,397,14),
	(8375,397,152),
	(8376,398,36),
	(8377,398,36),
	(8378,398,33),
	(8379,398,63),
	(8380,398,109),
	(8381,398,110),
	(8382,398,146),
	(8383,398,116),
	(8384,398,103),
	(8385,399,55),
	(8386,399,72),
	(8387,399,76),
	(8388,400,111),
	(8389,400,55),
	(8390,400,149),
	(8391,400,123),
	(8392,401,137),
	(8393,401,129),
	(8394,401,141),
	(8395,401,144),
	(8396,401,43),
	(8397,405,113),
	(8398,405,151),
	(8399,405,97),
	(8400,405,90),
	(8401,405,139),
	(8402,405,48),
	(8403,405,98),
	(8404,405,137),
	(8405,405,72),
	(8406,405,10),
	(8407,405,82),
	(8408,406,132),
	(8409,406,137),
	(8410,406,11),
	(8411,406,50),
	(8412,406,31),
	(8413,406,58),
	(8414,406,148),
	(8415,406,129),
	(8416,406,53),
	(8417,406,141),
	(8418,406,4),
	(8419,406,156),
	(8420,406,95),
	(8421,406,90),
	(8422,406,159),
	(8423,406,156),
	(8424,406,152),
	(8425,412,13),
	(8426,412,95),
	(8427,412,39),
	(8428,412,99),
	(8429,412,49),
	(8430,412,9),
	(8431,413,141),
	(8432,413,100),
	(8433,413,65),
	(8434,413,61),
	(8435,413,76),
	(8436,418,123),
	(8437,419,61),
	(8438,419,120),
	(8439,419,120),
	(8440,419,156),
	(8441,419,26),
	(8442,420,42),
	(8443,420,133),
	(8444,420,141),
	(8445,420,113),
	(8446,420,120),
	(8447,420,109),
	(8448,420,57),
	(8449,420,26),
	(8450,422,113),
	(8451,422,81),
	(8452,422,137),
	(8453,422,111),
	(8454,422,59),
	(8455,422,115),
	(8456,426,13),
	(8457,426,160),
	(8458,426,123),
	(8459,427,81),
	(8460,427,121),
	(8461,427,129),
	(8462,427,145),
	(8463,427,141),
	(8464,427,104),
	(8465,427,39),
	(8466,427,2),
	(8467,427,115),
	(8468,433,102),
	(8469,433,147),
	(8470,433,156),
	(8471,433,18),
	(8472,433,155),
	(8473,433,141),
	(8474,433,37),
	(8475,433,83),
	(8476,433,151),
	(8477,433,132),
	(8478,433,55),
	(8479,433,80),
	(8480,433,113),
	(8481,433,119),
	(8482,433,83),
	(8483,433,17),
	(8484,433,120),
	(8485,433,125),
	(8486,433,119),
	(8487,433,73),
	(8488,433,5),
	(8489,433,82),
	(8490,434,141),
	(8491,434,156),
	(8492,434,10),
	(8493,434,11),
	(8494,434,9),
	(8495,440,103),
	(8496,441,125),
	(8497,441,8),
	(8498,441,52),
	(8499,441,79),
	(8500,441,34),
	(8501,441,95),
	(8502,441,6),
	(8503,441,76),
	(8504,447,101),
	(8505,448,137),
	(8506,448,18),
	(8507,448,159),
	(8508,448,26),
	(8509,454,159),
	(8510,454,81),
	(8511,454,53),
	(8512,454,10),
	(8513,454,141),
	(8514,454,54),
	(8515,454,57),
	(8516,454,141),
	(8517,454,54),
	(8518,454,30),
	(8519,454,36),
	(8520,454,7),
	(8521,454,31),
	(8522,454,147),
	(8523,454,91),
	(8524,454,146),
	(8525,454,36),
	(8526,454,160),
	(8527,454,26),
	(8528,455,146),
	(8529,455,94),
	(8530,455,11),
	(8531,455,61),
	(8532,455,34),
	(8533,455,99),
	(8534,455,105),
	(8535,455,124),
	(8536,455,110),
	(8537,455,137),
	(8538,455,63),
	(8539,455,113),
	(8540,455,155),
	(8541,455,18),
	(8542,455,83),
	(8543,455,153),
	(8544,455,100),
	(8545,455,54),
	(8546,455,145),
	(8547,455,121),
	(8548,455,83),
	(8549,455,38),
	(8550,455,48),
	(8551,455,120),
	(8552,455,138),
	(8553,455,89),
	(8554,455,136),
	(8555,455,69),
	(8556,455,122),
	(8557,455,149),
	(8558,455,31),
	(8559,455,24),
	(8560,455,107),
	(8561,455,30),
	(8562,455,120),
	(8563,455,78),
	(8564,455,146),
	(8565,455,12),
	(8566,455,100),
	(8567,455,41),
	(8568,455,70),
	(8569,455,90),
	(8570,455,154),
	(8571,455,22),
	(8572,455,46),
	(8573,455,126),
	(8574,461,107),
	(8575,461,97),
	(8576,461,72),
	(8577,461,102),
	(8578,461,16),
	(8579,461,10),
	(8580,461,56),
	(8581,462,137),
	(8582,462,36),
	(8583,462,129),
	(8584,462,45),
	(8585,462,155),
	(8586,462,120),
	(8587,462,85),
	(8588,462,137),
	(8589,462,82),
	(8590,468,152),
	(8591,469,2),
	(8592,469,141),
	(8593,469,141),
	(8594,469,45),
	(8595,469,22),
	(8596,469,31),
	(8597,469,2),
	(8598,469,121),
	(8599,469,125),
	(8600,469,80),
	(8601,469,82),
	(8602,475,120),
	(8603,475,118),
	(8604,475,146),
	(8605,475,58),
	(8606,475,130),
	(8607,475,112),
	(8608,475,43),
	(8609,476,35),
	(8610,482,10),
	(8611,482,68),
	(8612,482,120),
	(8613,482,56),
	(8614,483,27),
	(8615,483,56),
	(8616,489,49),
	(8617,489,75),
	(8618,489,100),
	(8619,489,11),
	(8620,489,50),
	(8621,489,26),
	(8622,490,41),
	(8623,490,119),
	(8624,490,102),
	(8625,490,18),
	(8626,490,141),
	(8627,490,54),
	(8628,490,125),
	(8629,490,71),
	(8630,490,26),
	(8631,492,58),
	(8632,492,12),
	(8633,492,150),
	(8634,492,113),
	(8635,492,115),
	(8636,493,139),
	(8637,493,80),
	(8638,493,34),
	(8639,493,123),
	(8640,494,18),
	(8641,494,145),
	(8642,494,135),
	(8643,494,109),
	(8644,494,95),
	(8645,494,140),
	(8646,494,78),
	(8647,494,48),
	(8648,494,120),
	(8649,494,81),
	(8650,494,87),
	(8651,494,118),
	(8652,494,52),
	(8653,494,119),
	(8654,494,113),
	(8655,494,120),
	(8656,494,159),
	(8657,494,62),
	(8658,494,135),
	(8659,494,31),
	(8660,494,35),
	(8661,495,113),
	(8662,495,80),
	(8663,495,159),
	(8664,495,161),
	(8665,495,36),
	(8666,495,118),
	(8667,495,96),
	(8668,495,132),
	(8669,495,126),
	(8670,496,161),
	(8671,496,54),
	(8672,496,126),
	(8673,497,22),
	(8674,497,151),
	(8675,497,129),
	(8676,497,51),
	(8677,497,61),
	(8678,497,159),
	(8679,497,137),
	(8680,497,152),
	(8681,503,10),
	(8682,503,120),
	(8683,503,61),
	(8684,503,60),
	(8685,503,119),
	(8686,503,160),
	(8687,503,106),
	(8688,503,2),
	(8689,503,101),
	(8690,504,48),
	(8691,504,6),
	(8692,504,103),
	(8693,509,31),
	(8694,509,61),
	(8695,509,133),
	(8696,509,103),
	(8697,510,121),
	(8698,510,121),
	(8699,510,135),
	(8700,510,5),
	(8701,510,99),
	(8702,510,38),
	(8703,510,139),
	(8704,510,83),
	(8705,510,100),
	(8706,510,67),
	(8707,510,55),
	(8708,510,18),
	(8709,510,24),
	(8710,510,150),
	(8711,510,123),
	(8712,511,116),
	(8713,511,61),
	(8714,511,113),
	(8715,511,149),
	(8716,511,11),
	(8717,511,32),
	(8718,511,149),
	(8719,511,13),
	(8720,511,61),
	(8721,511,141),
	(8722,511,102),
	(8723,511,125),
	(8724,511,153),
	(8725,511,63),
	(8726,511,94),
	(8727,511,40),
	(8728,511,19),
	(8729,511,12),
	(8730,511,120),
	(8731,511,101),
	(8732,512,140),
	(8733,512,146),
	(8734,512,76),
	(8735,513,156),
	(8736,513,100),
	(8737,513,42),
	(8738,513,102),
	(8739,513,102),
	(8740,513,144),
	(8741,513,91),
	(8742,513,27),
	(8743,513,63),
	(8744,513,30),
	(8745,513,82),
	(8746,514,78),
	(8747,514,120),
	(8748,514,33),
	(8749,514,71),
	(8750,514,120),
	(8751,514,101),
	(8752,516,21),
	(8753,516,99),
	(8754,516,116),
	(8755,516,9),
	(8756,517,106),
	(8757,517,91),
	(8758,517,112),
	(8759,517,143),
	(8760,517,138),
	(8761,517,1),
	(8762,517,40),
	(8763,517,18),
	(8764,517,133),
	(8765,517,22),
	(8766,517,147),
	(8767,517,72),
	(8768,517,125),
	(8769,517,101),
	(8770,518,42),
	(8771,518,13),
	(8772,518,93),
	(8773,518,60),
	(8774,518,45),
	(8775,518,8),
	(8776,518,82),
	(8777,519,113),
	(8778,519,30),
	(8779,519,81),
	(8780,519,111),
	(8781,519,149),
	(8782,519,26),
	(8783,520,48),
	(8784,520,27),
	(8785,520,141),
	(8786,520,64),
	(8787,521,10),
	(8788,521,160),
	(8789,521,49),
	(8790,521,116),
	(8791,521,18),
	(8792,521,151),
	(8793,521,24),
	(8794,521,155),
	(8795,521,89),
	(8796,521,161),
	(8797,521,2),
	(8798,521,36),
	(8799,521,112),
	(8800,521,42),
	(8801,521,122),
	(8802,521,90),
	(8803,521,54),
	(8804,521,148),
	(8805,521,120),
	(8806,521,49),
	(8807,521,114),
	(8808,521,63),
	(8809,521,162),
	(8810,521,127),
	(8811,521,11),
	(8812,521,94),
	(8813,521,115),
	(8814,524,81),
	(8815,524,100),
	(8816,524,43),
	(8817,525,149),
	(8818,525,156),
	(8819,525,82),
	(8820,5,24),
	(8821,5,101),
	(8822,6,110),
	(8823,6,40),
	(8824,6,18),
	(8825,6,120),
	(8826,6,101),
	(8827,13,95),
	(8828,13,149),
	(8829,13,64),
	(8830,14,149),
	(8831,14,156),
	(8832,14,147),
	(8833,14,97),
	(8834,14,136),
	(8835,14,43),
	(8836,20,25),
	(8837,20,12),
	(8838,20,36),
	(8839,20,84),
	(8840,20,18),
	(8841,20,149),
	(8842,20,129),
	(8843,20,5),
	(8844,20,135),
	(8845,20,80),
	(8846,20,136),
	(8847,20,11),
	(8848,20,63),
	(8849,20,156),
	(8850,20,150),
	(8851,20,120),
	(8852,20,142),
	(8853,20,87),
	(8854,20,54),
	(8855,20,137),
	(8856,20,55),
	(8857,20,146),
	(8858,20,117),
	(8859,20,44),
	(8860,20,56),
	(8861,21,36),
	(8862,21,113),
	(8863,21,31),
	(8864,21,149),
	(8865,21,55),
	(8866,21,18),
	(8867,21,137),
	(8868,21,66),
	(8869,21,18),
	(8870,21,56),
	(8871,27,76),
	(8872,28,34),
	(8873,28,142),
	(8874,28,142),
	(8875,28,4),
	(8876,28,40),
	(8877,28,132),
	(8878,28,61),
	(8879,28,42),
	(8880,28,89),
	(8881,28,58),
	(8882,28,22),
	(8883,28,78),
	(8884,28,23),
	(8885,28,2),
	(8886,28,100),
	(8887,28,121),
	(8888,28,35),
	(8889,29,140),
	(8890,29,53),
	(8891,29,75),
	(8892,29,54),
	(8893,29,121),
	(8894,29,118),
	(8895,29,100),
	(8896,29,141),
	(8897,29,16),
	(8898,29,68),
	(8899,29,121),
	(8900,29,115),
	(8901,30,49),
	(8902,30,117),
	(8903,30,135),
	(8904,30,138),
	(8905,30,118),
	(8906,30,139),
	(8907,30,86),
	(8908,30,60),
	(8909,30,131),
	(8910,30,141),
	(8911,30,132),
	(8912,30,18),
	(8913,30,56),
	(8914,31,29),
	(8915,31,76),
	(8916,32,121),
	(8917,32,87),
	(8918,32,94),
	(8919,32,123),
	(8920,33,120),
	(8921,33,159),
	(8922,33,42),
	(8923,33,90),
	(8924,33,45),
	(8925,33,147),
	(8926,33,26),
	(8927,34,7),
	(8928,34,123),
	(8929,35,105),
	(8930,35,103),
	(8931,41,126),
	(8932,42,124),
	(8933,42,1),
	(8934,42,146),
	(8935,42,108),
	(8936,42,6),
	(8937,42,140),
	(8938,42,129),
	(8939,42,119),
	(8940,42,107),
	(8941,42,46),
	(8942,42,156),
	(8943,42,58),
	(8944,42,93),
	(8945,42,118),
	(8946,42,160),
	(8947,42,125),
	(8948,42,19),
	(8949,42,138),
	(8950,42,44),
	(8951,42,146),
	(8952,42,22),
	(8953,42,134),
	(8954,42,87),
	(8955,42,49),
	(8956,42,5),
	(8957,42,138),
	(8958,42,63),
	(8959,42,137),
	(8960,42,124),
	(8961,42,7),
	(8962,42,141),
	(8963,42,83),
	(8964,42,137),
	(8965,42,131),
	(8966,42,157),
	(8967,42,41),
	(8968,42,17),
	(8969,42,8),
	(8970,42,99),
	(8971,42,81),
	(8972,42,123),
	(8973,48,31),
	(8974,48,64),
	(8975,49,74),
	(8976,49,99),
	(8977,49,137),
	(8978,49,63),
	(8979,49,120),
	(8980,49,39),
	(8981,49,61),
	(8982,49,59),
	(8983,49,58),
	(8984,49,2),
	(8985,49,97),
	(8986,49,42),
	(8987,49,63),
	(8988,49,64),
	(8989,50,81),
	(8990,50,78),
	(8991,50,147),
	(8992,50,53),
	(8993,50,149),
	(8994,50,37),
	(8995,50,50),
	(8996,50,20),
	(8997,50,118),
	(8998,50,130),
	(8999,50,159),
	(9000,50,104),
	(9001,50,53),
	(9002,50,94),
	(9003,50,4),
	(9004,50,34),
	(9005,50,39),
	(9006,50,34),
	(9007,50,96),
	(9008,50,13),
	(9009,50,120),
	(9010,50,11),
	(9011,50,139),
	(9012,50,160),
	(9013,50,127),
	(9014,50,34),
	(9015,50,21),
	(9016,50,69),
	(9017,50,154),
	(9018,50,30),
	(9019,50,56),
	(9020,55,36),
	(9021,55,78),
	(9022,55,61),
	(9023,55,83),
	(9024,55,112),
	(9025,55,90),
	(9026,55,31),
	(9027,55,137),
	(9028,55,130),
	(9029,55,67),
	(9030,55,4),
	(9031,55,155),
	(9032,55,69),
	(9033,55,155),
	(9034,55,113),
	(9035,55,43),
	(9036,56,53),
	(9037,56,26),
	(9038,57,35),
	(9039,58,49),
	(9040,58,92),
	(9041,58,12),
	(9042,58,63),
	(9043,58,124),
	(9044,58,148),
	(9045,58,23),
	(9046,58,92),
	(9047,58,1),
	(9048,58,110),
	(9049,58,152),
	(9050,62,149),
	(9051,62,95),
	(9052,62,113),
	(9053,62,99),
	(9054,62,48),
	(9055,62,33),
	(9056,62,104),
	(9057,62,100),
	(9058,62,156),
	(9059,62,76),
	(9060,63,58),
	(9061,63,113),
	(9062,63,74),
	(9063,63,159),
	(9064,63,148),
	(9065,63,11),
	(9066,63,61),
	(9067,63,80),
	(9068,63,141),
	(9069,63,69),
	(9070,63,58),
	(9071,63,10),
	(9072,63,129),
	(9073,63,135),
	(9074,63,76),
	(9075,65,18),
	(9076,65,27),
	(9077,65,35),
	(9078,69,36),
	(9079,69,82),
	(9080,70,147),
	(9081,70,10),
	(9082,70,120),
	(9083,70,18),
	(9084,70,156),
	(9085,70,95),
	(9086,70,81),
	(9087,70,44),
	(9088,70,45),
	(9089,70,135),
	(9090,70,1),
	(9091,70,35),
	(9092,76,1),
	(9093,76,101),
	(9094,77,51),
	(9095,77,31),
	(9096,77,26),
	(9097,83,129),
	(9098,83,55),
	(9099,83,49),
	(9100,83,68),
	(9101,83,6),
	(9102,83,19),
	(9103,83,159),
	(9104,83,61),
	(9105,83,13),
	(9106,83,95),
	(9107,83,119),
	(9108,83,148),
	(9109,83,113),
	(9110,83,70),
	(9111,83,132),
	(9112,83,136),
	(9113,83,43),
	(9114,84,120),
	(9115,84,111),
	(9116,84,137),
	(9117,84,49),
	(9118,84,69),
	(9119,84,8),
	(9120,84,82),
	(9121,89,64),
	(9122,90,141),
	(9123,90,149),
	(9124,90,11),
	(9125,90,141),
	(9126,90,81),
	(9127,90,32),
	(9128,90,125),
	(9129,90,156),
	(9130,90,90),
	(9131,90,89),
	(9132,90,32),
	(9133,90,84),
	(9134,90,81),
	(9135,90,61),
	(9136,90,151),
	(9137,90,43),
	(9138,91,9),
	(9139,97,84),
	(9140,97,131),
	(9141,97,120),
	(9142,97,150),
	(9143,97,80),
	(9144,97,65),
	(9145,97,61),
	(9146,97,83),
	(9147,97,88),
	(9148,97,147),
	(9149,97,5),
	(9150,97,11),
	(9151,97,120),
	(9152,97,29),
	(9153,97,70),
	(9154,97,22),
	(9155,97,49),
	(9156,97,106),
	(9157,97,61),
	(9158,97,18),
	(9159,97,61),
	(9160,97,10),
	(9161,97,125),
	(9162,97,107),
	(9163,97,113),
	(9164,97,126),
	(9165,98,149),
	(9166,98,158),
	(9167,98,152),
	(9168,104,99),
	(9169,104,12),
	(9170,104,39),
	(9171,104,90),
	(9172,104,35),
	(9173,105,92),
	(9174,105,54),
	(9175,105,103),
	(9176,111,142),
	(9177,111,2),
	(9178,111,157),
	(9179,111,89),
	(9180,111,158),
	(9181,111,141),
	(9182,111,58),
	(9183,111,149),
	(9184,111,107),
	(9185,111,43),
	(9186,112,105),
	(9187,112,108),
	(9188,112,53),
	(9189,112,125),
	(9190,112,118),
	(9191,112,33),
	(9192,112,29),
	(9193,112,114),
	(9194,112,126),
	(9195,118,156),
	(9196,118,152),
	(9197,119,30),
	(9198,119,26),
	(9199,125,156),
	(9200,125,18),
	(9201,125,159),
	(9202,125,82),
	(9203,126,41),
	(9204,126,103),
	(9205,132,132),
	(9206,132,12),
	(9207,132,159),
	(9208,132,85),
	(9209,132,76),
	(9210,133,146),
	(9211,133,38),
	(9212,133,63),
	(9213,133,86),
	(9214,133,11),
	(9215,133,162),
	(9216,133,156),
	(9217,133,61),
	(9218,133,61),
	(9219,133,44),
	(9220,133,154),
	(9221,133,84),
	(9222,133,101),
	(9223,138,132),
	(9224,138,52),
	(9225,138,156),
	(9226,138,26),
	(9227,139,149),
	(9228,139,122),
	(9229,139,54),
	(9230,139,26),
	(9231,140,91),
	(9232,140,23),
	(9233,140,36),
	(9234,140,138),
	(9235,140,137),
	(9236,140,83),
	(9237,140,51),
	(9238,140,159),
	(9239,140,39),
	(9240,140,149),
	(9241,140,41),
	(9242,140,138),
	(9243,140,9),
	(9244,146,160),
	(9245,146,76),
	(9246,147,75),
	(9247,147,58),
	(9248,147,79),
	(9249,147,151),
	(9250,147,69),
	(9251,147,126),
	(9252,148,110),
	(9253,148,45),
	(9254,148,104),
	(9255,148,26),
	(9256,153,156),
	(9257,153,73),
	(9258,153,120),
	(9259,153,119),
	(9260,153,161),
	(9261,153,12),
	(9262,153,48),
	(9263,153,69),
	(9264,153,148),
	(9265,153,87),
	(9266,153,71),
	(9267,153,7),
	(9268,153,92),
	(9269,153,7),
	(9270,153,135),
	(9271,153,137),
	(9272,153,89),
	(9273,153,39),
	(9274,153,123),
	(9275,154,98),
	(9276,154,38),
	(9277,154,25),
	(9278,154,39),
	(9279,154,113),
	(9280,154,135),
	(9281,154,76),
	(9282,155,155),
	(9283,155,87),
	(9284,155,107),
	(9285,155,146),
	(9286,155,27),
	(9287,155,8),
	(9288,155,49),
	(9289,155,80),
	(9290,155,49),
	(9291,155,9),
	(9292,157,52),
	(9293,157,4),
	(9294,157,75),
	(9295,157,54),
	(9296,157,129),
	(9297,157,124),
	(9298,157,127),
	(9299,157,77),
	(9300,157,141),
	(9301,157,156),
	(9302,157,137),
	(9303,157,70),
	(9304,157,39),
	(9305,157,42),
	(9306,157,17),
	(9307,157,64),
	(9308,160,50),
	(9309,160,99),
	(9310,160,19),
	(9311,160,61),
	(9312,160,162),
	(9313,160,90),
	(9314,160,102),
	(9315,160,80),
	(9316,160,40),
	(9317,160,123),
	(9318,161,9),
	(9319,165,157),
	(9320,165,93),
	(9321,165,61),
	(9322,165,115),
	(9323,166,89),
	(9324,166,9),
	(9325,167,40),
	(9326,167,64),
	(9327,168,78),
	(9328,168,147),
	(9329,168,94),
	(9330,168,141),
	(9331,168,29),
	(9332,168,26),
	(9333,174,14),
	(9334,174,137),
	(9335,174,42),
	(9336,174,54),
	(9337,174,36),
	(9338,174,129),
	(9339,174,38),
	(9340,174,29),
	(9341,174,113),
	(9342,174,131),
	(9343,174,161),
	(9344,174,89),
	(9345,174,137),
	(9346,174,24),
	(9347,174,9),
	(9348,175,8),
	(9349,175,35),
	(9350,181,73),
	(9351,181,117),
	(9352,181,155),
	(9353,181,19),
	(9354,181,31),
	(9355,181,115),
	(9356,182,34),
	(9357,182,154),
	(9358,182,78),
	(9359,182,34),
	(9360,182,148),
	(9361,182,35),
	(9362,188,42),
	(9363,188,73),
	(9364,188,151),
	(9365,188,156),
	(9366,188,32),
	(9367,188,32),
	(9368,188,156),
	(9369,188,63),
	(9370,188,54),
	(9371,188,75),
	(9372,188,132),
	(9373,188,4),
	(9374,188,27),
	(9375,188,145),
	(9376,188,81),
	(9377,188,75),
	(9378,188,48),
	(9379,188,68),
	(9380,188,76),
	(9381,189,15),
	(9382,189,160),
	(9383,189,131),
	(9384,189,149),
	(9385,189,149),
	(9386,189,109),
	(9387,189,57),
	(9388,189,131),
	(9389,189,82),
	(9390,195,156),
	(9391,195,118),
	(9392,195,50),
	(9393,195,95),
	(9394,195,103),
	(9395,196,90),
	(9396,196,114),
	(9397,196,89),
	(9398,196,89),
	(9399,196,154),
	(9400,196,84),
	(9401,196,110),
	(9402,196,75),
	(9403,196,92),
	(9404,196,50),
	(9405,196,101),
	(9406,209,114),
	(9407,209,100),
	(9408,209,64),
	(9409,210,158),
	(9410,210,106),
	(9411,210,126),
	(9412,216,18),
	(9413,216,43),
	(9414,217,151),
	(9415,217,12),
	(9416,217,115),
	(9417,223,95),
	(9418,223,106),
	(9419,223,151),
	(9420,223,60),
	(9421,223,129),
	(9422,223,97),
	(9423,223,88),
	(9424,223,54),
	(9425,223,40),
	(9426,223,73),
	(9427,223,69),
	(9428,223,69),
	(9429,223,18),
	(9430,223,42),
	(9431,223,73),
	(9432,223,11),
	(9433,223,153),
	(9434,223,59),
	(9435,223,152),
	(9436,224,99),
	(9437,224,26),
	(9438,230,5),
	(9439,230,31),
	(9440,230,19),
	(9441,230,16),
	(9442,230,156),
	(9443,230,11),
	(9444,230,98),
	(9445,230,103),
	(9446,231,48),
	(9447,231,115),
	(9448,237,96),
	(9449,237,141),
	(9450,237,97),
	(9451,237,11),
	(9452,237,120),
	(9453,237,156),
	(9454,237,59),
	(9455,237,78),
	(9456,237,50),
	(9457,237,136),
	(9458,237,26),
	(9459,238,39),
	(9460,238,81),
	(9461,238,18),
	(9462,238,101),
	(9463,244,137),
	(9464,244,10),
	(9465,244,130),
	(9466,244,28),
	(9467,244,16),
	(9468,244,58),
	(9469,244,75),
	(9470,244,81),
	(9471,244,43),
	(9472,245,39),
	(9473,245,18),
	(9474,245,156),
	(9475,245,79),
	(9476,245,156),
	(9477,245,99),
	(9478,245,141),
	(9479,245,56),
	(9480,251,18),
	(9481,251,76),
	(9482,252,132),
	(9483,252,15),
	(9484,252,12),
	(9485,252,47),
	(9486,252,9),
	(9487,258,109),
	(9488,258,82),
	(9489,259,61),
	(9490,259,101),
	(9491,265,161),
	(9492,265,52),
	(9493,265,101),
	(9494,266,33),
	(9495,266,55),
	(9496,266,31),
	(9497,266,109),
	(9498,266,111),
	(9499,266,148),
	(9500,266,14),
	(9501,266,153),
	(9502,266,157),
	(9503,266,31),
	(9504,266,159),
	(9505,266,2),
	(9506,266,29),
	(9507,266,114),
	(9508,266,43),
	(9509,272,146),
	(9510,272,85),
	(9511,272,5),
	(9512,272,139),
	(9513,272,64),
	(9514,273,55),
	(9515,273,60),
	(9516,273,48),
	(9517,273,10),
	(9518,273,43),
	(9519,279,9),
	(9520,280,45),
	(9521,280,149),
	(9522,280,120),
	(9523,280,64),
	(9524,286,29),
	(9525,286,117),
	(9526,286,57),
	(9527,286,73),
	(9528,286,155),
	(9529,286,131),
	(9530,286,60),
	(9531,286,2),
	(9532,286,67),
	(9533,286,75),
	(9534,286,15),
	(9535,286,56),
	(9536,287,128),
	(9537,287,62),
	(9538,287,17),
	(9539,287,157),
	(9540,287,65),
	(9541,287,57),
	(9542,287,82),
	(9543,288,58),
	(9544,288,149),
	(9545,288,13),
	(9546,288,53),
	(9547,288,149),
	(9548,288,89),
	(9549,288,120),
	(9550,288,43),
	(9551,289,13),
	(9552,289,10),
	(9553,289,120),
	(9554,289,156),
	(9555,289,123),
	(9556,290,73),
	(9557,290,108),
	(9558,290,135),
	(9559,290,18),
	(9560,290,18),
	(9561,290,161),
	(9562,290,34),
	(9563,290,126),
	(9564,293,113),
	(9565,293,15),
	(9566,293,92),
	(9567,293,89),
	(9568,293,125),
	(9569,293,22),
	(9570,293,150),
	(9571,293,145),
	(9572,293,6),
	(9573,293,137),
	(9574,293,78),
	(9575,293,69),
	(9576,293,5),
	(9577,293,147),
	(9578,293,52),
	(9579,293,129),
	(9580,293,137),
	(9581,293,149),
	(9582,293,122),
	(9583,293,67),
	(9584,293,108),
	(9585,293,63),
	(9586,293,76),
	(9587,294,22),
	(9588,294,45),
	(9589,294,64),
	(9590,300,139),
	(9591,300,59),
	(9592,300,2),
	(9593,300,9),
	(9594,301,148),
	(9595,301,17),
	(9596,301,70),
	(9597,301,145),
	(9598,301,19),
	(9599,301,121),
	(9600,301,128),
	(9601,301,74),
	(9602,301,19),
	(9603,301,114),
	(9604,301,148),
	(9605,301,79),
	(9606,301,33),
	(9607,301,124),
	(9608,301,63),
	(9609,301,156),
	(9610,301,83),
	(9611,301,8),
	(9612,301,125),
	(9613,301,149),
	(9614,301,124),
	(9615,301,99),
	(9616,301,13),
	(9617,301,81),
	(9618,301,93),
	(9619,301,90),
	(9620,301,19),
	(9621,301,96),
	(9622,301,58),
	(9623,301,105),
	(9624,301,26),
	(9625,307,45),
	(9626,307,45),
	(9627,307,113),
	(9628,307,156),
	(9629,307,141),
	(9630,307,135),
	(9631,307,136),
	(9632,307,55),
	(9633,307,150),
	(9634,307,149),
	(9635,307,83),
	(9636,307,81),
	(9637,307,158),
	(9638,307,146),
	(9639,307,126),
	(9640,308,101),
	(9641,311,49),
	(9642,311,141),
	(9643,311,55),
	(9644,311,141),
	(9645,311,34),
	(9646,311,43),
	(9647,314,64),
	(9648,315,133),
	(9649,315,150),
	(9650,315,149),
	(9651,315,94),
	(9652,315,115),
	(9653,321,19),
	(9654,321,32),
	(9655,321,77),
	(9656,321,130),
	(9657,321,41),
	(9658,321,84),
	(9659,321,64),
	(9660,322,136),
	(9661,322,62),
	(9662,322,151),
	(9663,322,159),
	(9664,322,50),
	(9665,322,48),
	(9666,322,69),
	(9667,322,64),
	(9668,323,64),
	(9669,324,122),
	(9670,324,94),
	(9671,324,138),
	(9672,324,40),
	(9673,324,118),
	(9674,324,63),
	(9675,324,48),
	(9676,324,61),
	(9677,324,150),
	(9678,324,141),
	(9679,324,31),
	(9680,324,31),
	(9681,324,61),
	(9682,324,92),
	(9683,324,119),
	(9684,324,39),
	(9685,324,71),
	(9686,324,76),
	(9687,325,56),
	(9688,328,155),
	(9689,328,9),
	(9690,329,135),
	(9691,329,123),
	(9692,335,124),
	(9693,335,52),
	(9694,335,118),
	(9695,335,9),
	(9696,336,82),
	(9697,339,115),
	(9698,342,60),
	(9699,342,125),
	(9700,342,156),
	(9701,342,141),
	(9702,342,94),
	(9703,342,22),
	(9704,342,150),
	(9705,342,10),
	(9706,342,9),
	(9707,343,91),
	(9708,343,5),
	(9709,343,26),
	(9710,349,120),
	(9711,349,21),
	(9712,349,86),
	(9713,349,26),
	(9714,350,122),
	(9715,350,132),
	(9716,350,34),
	(9717,350,129),
	(9718,350,123),
	(9719,356,101),
	(9720,357,61),
	(9721,357,10),
	(9722,357,16),
	(9723,357,78),
	(9724,357,146),
	(9725,357,26),
	(9726,363,98),
	(9727,363,92),
	(9728,363,58),
	(9729,363,132),
	(9730,363,95),
	(9731,363,24),
	(9732,363,130),
	(9733,363,52),
	(9734,363,64),
	(9735,364,151),
	(9736,364,155),
	(9737,364,30),
	(9738,364,78),
	(9739,364,155),
	(9740,364,159),
	(9741,364,47),
	(9742,364,32),
	(9743,364,118),
	(9744,364,26),
	(9745,370,48),
	(9746,370,93),
	(9747,370,112),
	(9748,370,112),
	(9749,370,80),
	(9750,370,76),
	(9751,371,78),
	(9752,371,86),
	(9753,371,22),
	(9754,371,32),
	(9755,371,162),
	(9756,371,140),
	(9757,371,121),
	(9758,371,69),
	(9759,371,12),
	(9760,371,12),
	(9761,371,8),
	(9762,371,13),
	(9763,371,80),
	(9764,371,48),
	(9765,371,25),
	(9766,371,137),
	(9767,371,82),
	(9768,375,20),
	(9769,375,161),
	(9770,375,76),
	(9771,376,152),
	(9772,377,32),
	(9773,377,61),
	(9774,377,133),
	(9775,377,17),
	(9776,377,128),
	(9777,377,76),
	(9778,378,112),
	(9779,378,126),
	(9780,379,149),
	(9781,379,45),
	(9782,379,109),
	(9783,379,127),
	(9784,379,147),
	(9785,379,147),
	(9786,379,110),
	(9787,379,149),
	(9788,379,84),
	(9789,379,19),
	(9790,379,125),
	(9791,379,22),
	(9792,379,43),
	(9793,384,142),
	(9794,384,97),
	(9795,384,125),
	(9796,384,64),
	(9797,385,20),
	(9798,385,77),
	(9799,385,74),
	(9800,385,103),
	(9801,391,76),
	(9802,392,27),
	(9803,392,75),
	(9804,392,10),
	(9805,392,74),
	(9806,392,126),
	(9807,393,18),
	(9808,393,28),
	(9809,393,11),
	(9810,393,22),
	(9811,393,42),
	(9812,393,97),
	(9813,393,72),
	(9814,393,141),
	(9815,393,18),
	(9816,393,43),
	(9817,394,116),
	(9818,394,117),
	(9819,394,17),
	(9820,394,123),
	(9821,395,137),
	(9822,395,45),
	(9823,395,1),
	(9824,395,9),
	(9825,396,130),
	(9826,396,130),
	(9827,396,111),
	(9828,396,103),
	(9829,397,80),
	(9830,397,59),
	(9831,397,143),
	(9832,397,30),
	(9833,397,86),
	(9834,397,140),
	(9835,397,1),
	(9836,397,22),
	(9837,397,18),
	(9838,397,156),
	(9839,397,92),
	(9840,397,149),
	(9841,397,5),
	(9842,397,112),
	(9843,397,136),
	(9844,397,147),
	(9845,397,160),
	(9846,397,154),
	(9847,397,162),
	(9848,397,46),
	(9849,397,120),
	(9850,397,76),
	(9851,398,56),
	(9852,399,73),
	(9853,399,69),
	(9854,399,51),
	(9855,399,55),
	(9856,399,103),
	(9857,400,33),
	(9858,400,131),
	(9859,400,24),
	(9860,400,103),
	(9861,401,74),
	(9862,401,114),
	(9863,401,119),
	(9864,401,83),
	(9865,401,119),
	(9866,401,2),
	(9867,401,157),
	(9868,401,115),
	(9869,405,81),
	(9870,405,162),
	(9871,405,67),
	(9872,405,149),
	(9873,405,141),
	(9874,405,26),
	(9875,406,120),
	(9876,406,39),
	(9877,406,5),
	(9878,406,92),
	(9879,406,107),
	(9880,406,92),
	(9881,406,104),
	(9882,406,12),
	(9883,406,124),
	(9884,406,35),
	(9885,412,64),
	(9886,413,92),
	(9887,413,109),
	(9888,413,72),
	(9889,413,123),
	(9890,418,96),
	(9891,418,57),
	(9892,418,79),
	(9893,418,63),
	(9894,418,76),
	(9895,419,55),
	(9896,419,158),
	(9897,419,82),
	(9898,420,11),
	(9899,420,121),
	(9900,420,109),
	(9901,420,108),
	(9902,420,149),
	(9903,420,124),
	(9904,420,44),
	(9905,420,154),
	(9906,420,125),
	(9907,420,97),
	(9908,420,114),
	(9909,420,63),
	(9910,420,80),
	(9911,420,141),
	(9912,420,62),
	(9913,420,54),
	(9914,420,104),
	(9915,420,124),
	(9916,420,152),
	(9917,422,8),
	(9918,422,149),
	(9919,422,123),
	(9920,426,67),
	(9921,426,19),
	(9922,426,10),
	(9923,426,38),
	(9924,426,56),
	(9925,427,140),
	(9926,427,99),
	(9927,427,42),
	(9928,427,131),
	(9929,427,58),
	(9930,427,141),
	(9931,427,109),
	(9932,427,158),
	(9933,427,55),
	(9934,427,42),
	(9935,427,136),
	(9936,427,125),
	(9937,427,5),
	(9938,427,70),
	(9939,427,38),
	(9940,427,91),
	(9941,427,122),
	(9942,427,54),
	(9943,427,94),
	(9944,427,122),
	(9945,427,51),
	(9946,427,75),
	(9947,427,54),
	(9948,427,80),
	(9949,427,111),
	(9950,427,61),
	(9951,427,129),
	(9952,427,61),
	(9953,427,10),
	(9954,427,124),
	(9955,427,38),
	(9956,427,74),
	(9957,427,39),
	(9958,427,41),
	(9959,427,149),
	(9960,427,59),
	(9961,427,16),
	(9962,427,146),
	(9963,427,99),
	(9964,427,7),
	(9965,427,109),
	(9966,427,45),
	(9967,427,75),
	(9968,427,121),
	(9969,427,61),
	(9970,427,116),
	(9971,427,109),
	(9972,427,95),
	(9973,427,159),
	(9974,427,107),
	(9975,427,18),
	(9976,427,118),
	(9977,427,80),
	(9978,427,62),
	(9979,427,54),
	(9980,427,58),
	(9981,427,24),
	(9982,427,42),
	(9983,427,16),
	(9984,427,9),
	(9985,433,28),
	(9986,433,82),
	(9987,434,129),
	(9988,434,126),
	(9989,440,141),
	(9990,440,11),
	(9991,440,97),
	(9992,440,140),
	(9993,440,104),
	(9994,440,103),
	(9995,441,142),
	(9996,441,132),
	(9997,441,149),
	(9998,441,29),
	(9999,441,113),
	(10000,441,83),
	(10001,441,18),
	(10002,441,83),
	(10003,441,152),
	(10004,447,14),
	(10005,447,160),
	(10006,447,32),
	(10007,447,151),
	(10008,447,40),
	(10009,447,76),
	(10010,448,14),
	(10011,448,90),
	(10012,448,63),
	(10013,448,8),
	(10014,448,60),
	(10015,448,69),
	(10016,448,152),
	(10017,454,156),
	(10018,454,94),
	(10019,454,124),
	(10020,454,137),
	(10021,454,9),
	(10022,455,1),
	(10023,455,32),
	(10024,455,62),
	(10025,455,59),
	(10026,455,19),
	(10027,455,48),
	(10028,455,61),
	(10029,455,4),
	(10030,455,55),
	(10031,455,78),
	(10032,455,98),
	(10033,455,145),
	(10034,455,83),
	(10035,455,65),
	(10036,455,126),
	(10037,461,146),
	(10038,461,150),
	(10039,461,108),
	(10040,461,113),
	(10041,461,117),
	(10042,461,38),
	(10043,461,56),
	(10044,462,103),
	(10045,468,61),
	(10046,468,63),
	(10047,468,154),
	(10048,468,156),
	(10049,468,129),
	(10050,468,141),
	(10051,468,66),
	(10052,468,141),
	(10053,468,149),
	(10054,468,20),
	(10055,468,141),
	(10056,468,140),
	(10057,468,13),
	(10058,468,54),
	(10059,468,59),
	(10060,468,18),
	(10061,468,65),
	(10062,468,109),
	(10063,468,155),
	(10064,468,90),
	(10065,468,9),
	(10066,469,70),
	(10067,469,67),
	(10068,469,144),
	(10069,469,69),
	(10070,469,100),
	(10071,469,94),
	(10072,469,10),
	(10073,469,155),
	(10074,469,137),
	(10075,469,63),
	(10076,469,80),
	(10077,469,34),
	(10078,469,44),
	(10079,469,143),
	(10080,469,55),
	(10081,469,151),
	(10082,469,38),
	(10083,469,102),
	(10084,469,43),
	(10085,475,79),
	(10086,475,15),
	(10087,475,48),
	(10088,475,52),
	(10089,475,156),
	(10090,475,18),
	(10091,475,22),
	(10092,475,121),
	(10093,475,83),
	(10094,475,6),
	(10095,475,134),
	(10096,475,24),
	(10097,475,6),
	(10098,475,73),
	(10099,475,33),
	(10100,475,70),
	(10101,475,76),
	(10102,476,154),
	(10103,476,25),
	(10104,476,151),
	(10105,476,141),
	(10106,476,70),
	(10107,476,79),
	(10108,476,115),
	(10109,482,19),
	(10110,482,49),
	(10111,482,125),
	(10112,482,149),
	(10113,482,130),
	(10114,482,22),
	(10115,482,123),
	(10116,483,76),
	(10117,489,43),
	(10118,490,68),
	(10119,490,82),
	(10120,492,11),
	(10121,492,75),
	(10122,492,11),
	(10123,492,105),
	(10124,492,95),
	(10125,492,121),
	(10126,492,4),
	(10127,492,63),
	(10128,492,64),
	(10129,493,156),
	(10130,493,121),
	(10131,493,11),
	(10132,493,120),
	(10133,493,129),
	(10134,493,120),
	(10135,493,118),
	(10136,493,15),
	(10137,493,90),
	(10138,493,11),
	(10139,493,152),
	(10140,494,63),
	(10141,494,45),
	(10142,494,60),
	(10143,494,33),
	(10144,494,56),
	(10145,495,69),
	(10146,495,10),
	(10147,495,72),
	(10148,495,114),
	(10149,495,42),
	(10150,495,120),
	(10151,495,105),
	(10152,495,120),
	(10153,495,29),
	(10154,495,160),
	(10155,495,52),
	(10156,495,114),
	(10157,495,137),
	(10158,495,15),
	(10159,495,140),
	(10160,495,148),
	(10161,495,120),
	(10162,495,100),
	(10163,495,104),
	(10164,495,138),
	(10165,495,9),
	(10166,496,115),
	(10167,497,154),
	(10168,497,75),
	(10169,497,42),
	(10170,497,88),
	(10171,497,156),
	(10172,497,152),
	(10173,503,96),
	(10174,503,146),
	(10175,503,58),
	(10176,503,13),
	(10177,503,140),
	(10178,503,159),
	(10179,503,36),
	(10180,503,142),
	(10181,503,29),
	(10182,503,103),
	(10183,504,69),
	(10184,504,55),
	(10185,504,70),
	(10186,504,124),
	(10187,504,48),
	(10188,504,10),
	(10189,504,138),
	(10190,504,70),
	(10191,504,67),
	(10192,504,130),
	(10193,504,107),
	(10194,504,22),
	(10195,504,34),
	(10196,504,14),
	(10197,504,121),
	(10198,504,125),
	(10199,504,141),
	(10200,504,43),
	(10201,509,35),
	(10202,510,16),
	(10203,510,101),
	(10204,511,106),
	(10205,511,130),
	(10206,511,140),
	(10207,511,151),
	(10208,511,44),
	(10209,511,114),
	(10210,511,34),
	(10211,511,5),
	(10212,511,118),
	(10213,511,150),
	(10214,511,8),
	(10215,511,156),
	(10216,511,43),
	(10217,512,68),
	(10218,512,61),
	(10219,512,84),
	(10220,512,129),
	(10221,512,35),
	(10222,513,147),
	(10223,513,55),
	(10224,513,157),
	(10225,513,51),
	(10226,513,35),
	(10227,514,120),
	(10228,514,15),
	(10229,514,124),
	(10230,514,61),
	(10231,514,41),
	(10232,514,149),
	(10233,514,160),
	(10234,514,18),
	(10235,514,133),
	(10236,514,132),
	(10237,514,103),
	(10238,516,138),
	(10239,516,21),
	(10240,516,141),
	(10241,516,131),
	(10242,516,131),
	(10243,516,141),
	(10244,516,11),
	(10245,516,44),
	(10246,516,79),
	(10247,516,136),
	(10248,516,94),
	(10249,516,81),
	(10250,516,6),
	(10251,516,135),
	(10252,516,19),
	(10253,516,58),
	(10254,516,72),
	(10255,516,19),
	(10256,516,150),
	(10257,516,149),
	(10258,516,61),
	(10259,516,59),
	(10260,516,132),
	(10261,516,82),
	(10262,517,161),
	(10263,517,109),
	(10264,517,122),
	(10265,517,49),
	(10266,517,120),
	(10267,517,5),
	(10268,517,144),
	(10269,517,34),
	(10270,517,50),
	(10271,517,141),
	(10272,517,155),
	(10273,517,43),
	(10274,518,131),
	(10275,518,141),
	(10276,518,43),
	(10277,519,60),
	(10278,519,127),
	(10279,519,64),
	(10280,520,147),
	(10281,520,63),
	(10282,520,11),
	(10283,520,141),
	(10284,520,40),
	(10285,520,63),
	(10286,520,158),
	(10287,520,158),
	(10288,520,118),
	(10289,520,118),
	(10290,520,137),
	(10291,520,141),
	(10292,520,18),
	(10293,520,152),
	(10294,521,88),
	(10295,521,62),
	(10296,521,72),
	(10297,521,37),
	(10298,521,133),
	(10299,521,88),
	(10300,521,67),
	(10301,521,162),
	(10302,521,29),
	(10303,521,152),
	(10304,524,59),
	(10305,524,134),
	(10306,524,56),
	(10307,525,63),
	(10308,525,106),
	(10309,525,16),
	(10310,525,126),
	(10311,526,32),
	(10312,526,92),
	(10313,526,25),
	(10314,526,88),
	(10315,527,155),
	(10316,527,1),
	(10323,532,34),
	(10324,532,52),
	(10325,533,45),
	(10326,533,111),
	(10327,533,137),
	(10328,533,73),
	(10329,533,133),
	(10330,533,31),
	(10331,533,120),
	(10332,533,6),
	(10333,533,53),
	(10334,533,53),
	(10335,533,124),
	(10336,533,126),
	(10337,534,50),
	(10338,534,150),
	(10339,534,113),
	(10340,534,70),
	(10341,534,83),
	(10342,534,92),
	(10343,534,120),
	(10344,534,31),
	(10345,534,106),
	(10346,534,58),
	(10347,534,81),
	(10348,534,149),
	(10349,534,52),
	(10350,534,120),
	(10351,534,67),
	(10352,534,97),
	(10353,534,73),
	(10354,534,93),
	(10355,534,85),
	(10356,534,99),
	(10357,534,126),
	(10358,540,24),
	(10359,540,139),
	(10360,541,145),
	(10361,541,13),
	(10362,541,134),
	(10363,541,109),
	(10364,541,127),
	(10371,544,50),
	(10372,544,48),
	(10373,545,18),
	(10374,545,147),
	(10375,545,111),
	(10376,545,45),
	(10377,545,42),
	(10378,545,63),
	(10379,545,62),
	(10380,545,139),
	(10381,545,156),
	(10382,545,95),
	(10383,545,156),
	(10384,545,76),
	(10385,546,112),
	(10386,546,117),
	(10387,546,150),
	(10388,546,28),
	(10389,546,133),
	(10390,546,63),
	(10391,546,41),
	(10392,546,55),
	(10393,546,73),
	(10394,546,12),
	(10395,546,31),
	(10396,546,40),
	(10397,546,48),
	(10398,546,127),
	(10399,546,160),
	(10400,546,125),
	(10401,546,128),
	(10402,546,16),
	(10403,546,89),
	(10404,546,121),
	(10405,546,60),
	(10406,546,94),
	(10407,546,162),
	(10408,546,90),
	(10409,546,81),
	(10410,546,74),
	(10411,546,62),
	(10412,546,7),
	(10413,546,50),
	(10414,546,17),
	(10415,546,120),
	(10416,546,1),
	(10417,546,33),
	(10418,546,133),
	(10419,546,38),
	(10420,546,91),
	(10421,546,10),
	(10422,546,97),
	(10423,546,118),
	(10424,546,135),
	(10425,546,140),
	(10426,546,136),
	(10427,546,136),
	(10428,546,18),
	(10429,546,132),
	(10430,546,82),
	(10431,547,125),
	(10432,547,44),
	(10433,548,149),
	(10434,548,59),
	(10435,549,158),
	(10436,549,20),
	(10437,549,48),
	(10438,549,23),
	(10445,551,74),
	(10446,551,13),
	(10447,552,118),
	(10448,552,43),
	(10449,553,120),
	(10450,553,63),
	(10451,553,73),
	(10452,553,31),
	(10453,553,5),
	(10454,553,155),
	(10455,553,34),
	(10456,553,6),
	(10457,553,63),
	(10458,553,140),
	(10459,553,26),
	(10460,576,122),
	(10461,576,107),
	(10462,577,16),
	(10463,577,48),
	(10464,578,144),
	(10465,578,78),
	(10466,579,74),
	(10467,579,86),
	(10468,579,98),
	(10469,580,138),
	(10470,580,128),
	(10471,580,71),
	(10472,581,12),
	(10473,581,119),
	(10474,581,28),
	(10475,581,149),
	(10476,581,120),
	(10477,581,156),
	(10478,581,82),
	(10479,582,142),
	(10480,582,82),
	(10481,583,82),
	(10482,584,136),
	(10483,584,80),
	(10491,587,140),
	(10492,587,148),
	(10493,588,135),
	(10494,588,74),
	(10495,588,6),
	(10496,588,42),
	(10497,588,115),
	(10498,589,72),
	(10499,589,151),
	(10500,589,156),
	(10501,589,108),
	(10502,589,140),
	(10503,589,10),
	(10504,589,84),
	(10505,589,102),
	(10506,589,141),
	(10507,589,62),
	(10508,589,54),
	(10509,589,77),
	(10510,589,9),
	(10511,590,120),
	(10512,590,159),
	(10513,591,80),
	(10514,591,155),
	(10520,594,114),
	(10521,594,38),
	(10522,594,91),
	(10523,594,46),
	(10524,595,156),
	(10525,595,10),
	(10526,595,130),
	(10527,595,117),
	(10528,595,4),
	(10529,595,70),
	(10530,595,24),
	(10531,595,32),
	(10532,595,23),
	(10533,595,73),
	(10534,595,147),
	(10535,595,9),
	(10536,596,129),
	(10537,596,32),
	(10538,596,61),
	(10539,596,110),
	(10540,596,56),
	(10541,597,89),
	(10542,597,120),
	(10543,597,67),
	(10544,598,57),
	(10545,598,81),
	(10551,601,139),
	(10552,601,11),
	(10553,601,146),
	(10554,601,65),
	(10555,601,15),
	(10556,602,115),
	(10557,603,83),
	(10558,603,8),
	(10559,603,21),
	(10560,603,45),
	(10561,603,155),
	(10562,603,69),
	(10563,603,75),
	(10564,603,148),
	(10565,603,34),
	(10566,603,62),
	(10567,603,14),
	(10568,603,126),
	(10569,604,80),
	(10570,604,54),
	(10571,604,65),
	(10572,605,137),
	(10573,605,90),
	(10578,608,50),
	(10579,608,107),
	(10580,608,98),
	(10581,609,30),
	(10582,609,7),
	(10583,609,123),
	(10584,610,24),
	(10585,610,141),
	(10586,610,125),
	(10587,610,129),
	(10588,610,71),
	(10589,610,117),
	(10590,610,154),
	(10591,610,120),
	(10592,610,95),
	(10593,610,136),
	(10594,610,59),
	(10595,610,40),
	(10596,610,123),
	(10597,611,26),
	(10598,612,150),
	(10599,612,29),
	(10600,612,66),
	(10605,615,42),
	(10606,615,87),
	(10607,616,113),
	(10608,616,19),
	(10609,616,67),
	(10610,616,43),
	(10611,617,102),
	(10612,617,81),
	(10613,617,96),
	(10614,617,95),
	(10615,617,76),
	(10616,618,63),
	(10617,618,29),
	(10618,619,54),
	(10619,619,40),
	(10620,619,65),
	(10624,621,35),
	(10625,622,78),
	(10626,622,129),
	(10627,622,111),
	(10628,623,101),
	(10629,624,154),
	(10630,624,53),
	(10631,624,62),
	(10632,624,27),
	(10633,624,141),
	(10634,624,60),
	(10635,624,47),
	(10636,624,125),
	(10637,624,87),
	(10638,624,25),
	(10639,624,149),
	(10640,624,161),
	(10641,624,83),
	(10642,624,56),
	(10643,625,103),
	(10644,626,122),
	(10645,626,66),
	(10654,629,25),
	(10655,629,106),
	(10656,629,39),
	(10657,629,52),
	(10658,630,35),
	(10659,631,8),
	(10660,631,38),
	(10661,631,113),
	(10662,631,155),
	(10663,631,38),
	(10664,631,18),
	(10665,631,22),
	(10666,631,94),
	(10667,631,94),
	(10668,631,97),
	(10669,631,148),
	(10670,631,19),
	(10671,631,84),
	(10672,631,42),
	(10673,631,18),
	(10674,631,114),
	(10675,631,124),
	(10676,631,12),
	(10677,631,106),
	(10678,631,120),
	(10679,631,39),
	(10680,631,147),
	(10681,631,35),
	(10682,632,61),
	(10683,632,22),
	(10684,633,48),
	(10685,633,99),
	(10694,636,19),
	(10695,636,29),
	(10696,637,107),
	(10697,637,160),
	(10698,637,55),
	(10699,637,137),
	(10700,637,84),
	(10701,637,39),
	(10702,637,141),
	(10703,637,87),
	(10704,637,154),
	(10705,637,74),
	(10706,637,132),
	(10707,637,73),
	(10708,637,30),
	(10709,637,157),
	(10710,637,136),
	(10711,637,127),
	(10712,637,125),
	(10713,637,141),
	(10714,637,122),
	(10715,637,18),
	(10716,637,59),
	(10717,637,148),
	(10718,637,61),
	(10719,637,139),
	(10720,637,91),
	(10721,637,124),
	(10722,637,72),
	(10723,637,60),
	(10724,637,45),
	(10725,637,69),
	(10726,637,80),
	(10727,637,153),
	(10728,637,149),
	(10729,637,156),
	(10730,637,126),
	(10731,638,55),
	(10732,638,77),
	(10733,638,141),
	(10734,638,42),
	(10735,638,64),
	(10736,639,132),
	(10737,639,71),
	(10738,639,38),
	(10739,639,116),
	(10740,639,158),
	(10741,639,156),
	(10742,639,33),
	(10743,639,156),
	(10744,639,138),
	(10745,639,158),
	(10746,639,64),
	(10747,640,125),
	(10748,640,46),
	(10752,643,36),
	(10753,643,85),
	(10754,644,149),
	(10755,644,141),
	(10756,644,51),
	(10757,644,47),
	(10758,644,46),
	(10759,644,5),
	(10760,644,82),
	(10761,645,141),
	(10762,645,149),
	(10763,645,120),
	(10764,645,81),
	(10765,645,86),
	(10766,645,12),
	(10767,645,120),
	(10768,645,100),
	(10769,645,117),
	(10770,645,1),
	(10771,645,36),
	(10772,645,58),
	(10773,645,58),
	(10774,645,55),
	(10775,645,26),
	(10776,646,114),
	(10777,646,136),
	(10778,647,55),
	(10779,647,145),
	(10784,650,56),
	(10785,651,89),
	(10786,651,142),
	(10787,651,120),
	(10788,651,76),
	(10789,652,21),
	(10790,652,111),
	(10791,652,40),
	(10792,652,61),
	(10793,652,92),
	(10794,652,19),
	(10795,652,14),
	(10796,652,22),
	(10797,652,26),
	(10798,653,149),
	(10799,653,54),
	(10800,654,156),
	(10801,654,54),
	(10806,657,129),
	(10807,657,49),
	(10808,657,48),
	(10809,657,67),
	(10810,658,120),
	(10811,658,52),
	(10812,658,99),
	(10813,658,55),
	(10814,658,92),
	(10815,658,151),
	(10816,658,87),
	(10817,658,18),
	(10818,658,35),
	(10819,659,159),
	(10820,659,56),
	(10821,660,117),
	(10822,660,66),
	(10823,660,44),
	(10824,660,48),
	(10825,660,2),
	(10826,661,81),
	(10827,661,93),
	(10831,664,76),
	(10832,665,60),
	(10833,665,109),
	(10834,665,132),
	(10835,665,120),
	(10836,665,123),
	(10837,666,82),
	(10872,676,65),
	(10873,676,55),
	(10874,677,81),
	(10875,677,143),
	(10879,679,13),
	(10880,679,22),
	(10881,679,108),
	(10882,680,97),
	(10883,680,139),
	(10884,680,146),
	(10885,680,39),
	(10886,680,135),
	(10887,680,126),
	(10888,681,8),
	(10889,681,13),
	(10890,681,9),
	(10891,682,101),
	(10894,528,173),
	(10895,528,182),
	(10896,528,176),
	(10897,528,181),
	(10899,531,183),
	(10900,531,178),
	(10901,531,184),
	(10902,531,185),
	(10911,542,173),
	(10912,542,187),
	(10913,542,186),
	(10914,542,181),
	(10917,543,178),
	(10918,543,189),
	(10919,543,190),
	(10920,543,185),
	(10921,550,191),
	(10922,550,192),
	(10923,550,193),
	(10924,678,194),
	(10925,678,195),
	(10926,678,196),
	(10938,459,200),
	(10939,459,201),
	(10940,459,202),
	(10941,459,203),
	(10942,452,204),
	(10943,452,205),
	(10944,452,206),
	(10945,445,207),
	(10946,445,208),
	(10947,445,209),
	(10948,445,210),
	(10949,438,211),
	(10950,438,212),
	(10951,438,213),
	(10952,416,144),
	(10953,416,117),
	(10954,417,214),
	(10955,417,215),
	(10956,417,216),
	(10957,417,217),
	(10958,410,218),
	(10959,410,215),
	(10960,410,219),
	(10961,410,220),
	(10962,389,221),
	(10963,389,222),
	(10964,389,219),
	(10965,389,223),
	(10966,382,221),
	(10967,382,222),
	(10968,382,224),
	(10969,382,225),
	(10974,368,226),
	(10975,368,227),
	(10976,368,230),
	(10977,368,229),
	(10978,361,226),
	(10979,361,229),
	(10980,361,231),
	(10981,361,232),
	(10986,354,233),
	(10987,354,229),
	(10988,354,234),
	(10989,354,235),
	(10990,347,236),
	(10991,347,237),
	(10992,347,238),
	(10993,347,235),
	(10994,340,233),
	(10995,340,239),
	(10996,340,238),
	(10997,340,235),
	(10998,334,240),
	(10999,334,241),
	(11000,334,238),
	(11001,334,242),
	(11002,326,243),
	(11003,326,244),
	(11004,326,245),
	(11005,326,246),
	(11007,319,117),
	(11008,319,130),
	(11009,319,73),
	(11010,305,247),
	(11011,305,241),
	(11012,305,248),
	(11013,298,233),
	(11014,298,249),
	(11015,298,241),
	(11016,298,250),
	(11017,291,233),
	(11018,291,249),
	(11019,291,241),
	(11020,291,251),
	(11023,284,252),
	(11024,284,253),
	(11025,284,228),
	(11026,284,254),
	(11027,277,252),
	(11028,277,254),
	(11029,277,255),
	(11030,277,251),
	(11031,270,256),
	(11032,270,257),
	(11033,270,258),
	(11034,270,258),
	(11035,263,259),
	(11036,263,260),
	(11037,263,261),
	(11038,263,262),
	(11039,662,263),
	(11040,663,264),
	(11041,663,198),
	(11042,655,265),
	(11043,655,266),
	(11044,655,267),
	(11045,655,268),
	(11046,656,269),
	(11047,656,270),
	(11048,656,271),
	(11049,656,272),
	(11050,648,273),
	(11051,648,274),
	(11052,648,268),
	(11053,649,275),
	(11054,649,276),
	(11055,649,277),
	(11056,641,278),
	(11057,641,279),
	(11058,641,242),
	(11059,641,268),
	(11060,642,210),
	(11061,642,280),
	(11062,642,281),
	(11063,642,282),
	(11072,634,278),
	(11073,634,283),
	(11074,634,284),
	(11075,634,285),
	(11076,635,135),
	(11077,635,156),
	(11078,628,286),
	(11079,628,280),
	(11080,628,287),
	(11081,628,288),
	(11082,627,6),
	(11083,627,47),
	(11084,627,134),
	(11085,620,289),
	(11086,620,290),
	(11087,620,291),
	(11088,620,292),
	(11089,613,289),
	(11090,613,291),
	(11091,613,293),
	(11092,613,294),
	(11093,614,295),
	(11094,614,280),
	(11095,614,296),
	(11096,614,185),
	(11097,606,289),
	(11098,606,291),
	(11099,606,293),
	(11100,606,297),
	(11101,607,295),
	(11102,607,298),
	(11103,607,185),
	(11104,607,295),
	(11109,599,299),
	(11110,599,299),
	(11111,599,303),
	(11112,599,301),
	(11113,600,304),
	(11114,600,305),
	(11115,600,185),
	(11120,592,306),
	(11121,592,308),
	(11122,592,301),
	(11123,592,307),
	(11124,593,295),
	(11125,593,309),
	(11126,593,185),
	(11127,585,310),
	(11128,585,308),
	(11129,585,311),
	(11130,585,312),
	(11131,586,313),
	(11132,586,314),
	(11133,586,315),
	(11134,586,185),
	(11145,523,140),
	(11146,523,2),
	(11147,523,146),
	(11148,704,5),
	(11149,704,91),
	(11150,704,7),
	(11151,705,49),
	(11152,705,110),
	(11153,705,96),
	(11154,706,242),
	(11155,706,156),
	(11156,706,67),
	(11157,708,92),
	(11158,708,27),
	(11159,708,148),
	(11160,709,162),
	(11161,709,119),
	(11162,709,134),
	(11163,709,161),
	(11164,709,127),
	(11165,709,103),
	(11166,697,105),
	(11167,697,132),
	(11168,697,118),
	(11170,699,79),
	(11171,699,48),
	(11172,699,37),
	(11173,699,154),
	(11174,698,79),
	(11175,698,147),
	(11176,698,58),
	(11179,701,4),
	(11180,701,61),
	(11182,690,18),
	(11183,690,2),
	(11184,690,29),
	(11185,691,56),
	(11186,692,52),
	(11187,692,110),
	(11188,692,38),
	(11196,694,18),
	(11197,694,32),
	(11198,683,81),
	(11199,683,68),
	(11200,684,56),
	(11201,685,125),
	(11202,685,47),
	(11208,522,316),
	(11209,522,317),
	(11210,522,318),
	(11211,522,319),
	(11216,687,55),
	(11217,687,29),
	(11218,686,320),
	(11219,686,321),
	(11220,686,319),
	(11221,693,317),
	(11222,693,321),
	(11223,693,228),
	(11224,700,317),
	(11225,700,321),
	(11226,700,322),
	(11227,711,87),
	(11228,711,5),
	(11229,711,143),
	(11230,712,65),
	(11231,712,100),
	(11232,713,121),
	(11233,713,320),
	(11238,715,156),
	(11239,715,90),
	(11240,714,323),
	(11241,714,321),
	(11242,714,322),
	(11243,714,324),
	(11244,719,144),
	(11245,719,86),
	(11246,719,51),
	(11247,720,105),
	(11248,720,136),
	(11249,720,159),
	(11250,722,149),
	(11251,722,95),
	(11252,721,325),
	(11253,721,326),
	(11254,721,325),
	(11255,721,325),
	(11256,725,76),
	(11257,726,135),
	(11258,726,131),
	(11259,726,57),
	(11260,727,31),
	(11261,727,87),
	(11262,727,114),
	(11263,727,15),
	(11264,729,14),
	(11265,729,24),
	(11266,728,327);

/*!40000 ALTER TABLE `days_to_tasks` ENABLE KEYS */;
UNLOCK TABLES;


# Export von Tabelle invalid_days
# ------------------------------------------------------------

DROP TABLE IF EXISTS `invalid_days`;

CREATE TABLE `invalid_days` (
  `IDinvalidDays` int(10) unsigned NOT NULL AUTO_INCREMENT,
  `reason` int(10) unsigned NOT NULL,
  `date` int(10) unsigned NOT NULL,
  PRIMARY KEY (`IDinvalidDays`),
  UNIQUE KEY `invalid_days_date_unique` (`date`),
  KEY `invalid_days_reason_foreign` (`reason`),
  CONSTRAINT `invalid_days_date_foreign` FOREIGN KEY (`date`) REFERENCES `dates` (`IDdates`),
  CONSTRAINT `invalid_days_reason_foreign` FOREIGN KEY (`reason`) REFERENCES `invalid_reasons` (`IDinvalidReasons`)
) ENGINE=InnoDB DEFAULT CHARSET=utf8mb4 COLLATE=utf8mb4_unicode_ci;

LOCK TABLES `invalid_days` WRITE;
/*!40000 ALTER TABLE `invalid_days` DISABLE KEYS */;

INSERT INTO `invalid_days` (`IDinvalidDays`, `reason`, `date`)
VALUES
	(3,1,140),
	(4,1,141),
	(5,1,142),
	(6,1,143),
	(7,2,168),
	(8,3,158),
	(9,1,160),
	(10,4,151),
	(11,2,49),
	(12,10,628),
	(13,2,608),
	(14,2,439),
	(15,2,491),
	(16,2,534),
	(17,2,137),
	(18,2,28),
	(19,2,635),
	(22,2,169),
	(23,2,56),
	(24,1,538),
	(25,1,509),
	(26,5,636),
	(27,6,297),
	(28,7,455),
	(29,8,427),
	(30,8,64),
	(31,9,625),
	(32,1,629),
	(33,1,630),
	(34,1,632),
	(35,1,637),
	(36,1,638),
	(37,2,57),
	(38,2,29),
	(39,2,30),
	(40,2,31),
	(41,2,32),
	(43,2,609),
	(44,2,440),
	(45,2,441),
	(46,2,492),
	(47,2,495),
	(48,2,610),
	(49,2,611),
	(50,2,88),
	(51,2,89),
	(52,2,90),
	(53,11,510),
	(54,12,511),
	(55,1,512),
	(56,11,513),
	(57,1,516),
	(58,13,517),
	(59,14,279),
	(60,15,645),
	(61,6,646),
	(62,8,647),
	(63,7,648),
	(64,16,649),
	(65,17,650),
	(66,2,651),
	(67,2,652),
	(68,1,539),
	(69,1,540),
	(70,1,541),
	(71,1,544),
	(72,1,545),
	(73,1,546),
	(74,1,547),
	(75,1,548),
	(76,1,551),
	(77,1,552),
	(78,1,553);

/*!40000 ALTER TABLE `invalid_days` ENABLE KEYS */;
UNLOCK TABLES;


# Export von Tabelle invalid_reasons
# ------------------------------------------------------------

DROP TABLE IF EXISTS `invalid_reasons`;

CREATE TABLE `invalid_reasons` (
  `IDinvalidReasons` int(10) unsigned NOT NULL AUTO_INCREMENT,
  `reason` varchar(255) COLLATE utf8mb4_unicode_ci NOT NULL,
  PRIMARY KEY (`IDinvalidReasons`)
) ENGINE=InnoDB DEFAULT CHARSET=utf8mb4 COLLATE=utf8mb4_unicode_ci;

LOCK TABLES `invalid_reasons` WRITE;
/*!40000 ALTER TABLE `invalid_reasons` DISABLE KEYS */;

INSERT INTO `invalid_reasons` (`IDinvalidReasons`, `reason`)
VALUES
	(1,'Urlaub'),
	(2,'Krank'),
	(3,'Neujahr'),
	(4,'Erster Weihnachtstag'),
	(5,'Tag der Arbeit'),
	(6,'Pfingstmontag'),
	(7,'Reformationstag'),
	(8,'Tag der deutschen Einheit'),
	(9,'Karfreitag'),
	(10,'Ostermontag'),
	(11,'Weihnachten'),
	(12,'Zweiter Weihnachtstag'),
	(13,'Neu Jahr'),
	(14,'Himmelfahrt'),
	(15,'Christi Himmelfahrt'),
	(16,'1. Weihnachtstag'),
	(17,'2. Weihnachtstag');

/*!40000 ALTER TABLE `invalid_reasons` ENABLE KEYS */;
UNLOCK TABLES;


# Export von Tabelle migrations
# ------------------------------------------------------------

DROP TABLE IF EXISTS `migrations`;

CREATE TABLE `migrations` (
  `id` int(10) unsigned NOT NULL AUTO_INCREMENT,
  `migration` varchar(191) COLLATE utf8mb4_unicode_ci NOT NULL,
  `batch` int(11) NOT NULL,
  PRIMARY KEY (`id`)
) ENGINE=InnoDB DEFAULT CHARSET=utf8mb4 COLLATE=utf8mb4_unicode_ci;

LOCK TABLES `migrations` WRITE;
/*!40000 ALTER TABLE `migrations` DISABLE KEYS */;

INSERT INTO `migrations` (`id`, `migration`, `batch`)
VALUES
	(11,'2014_10_12_000000_create_users_table',1),
	(12,'2014_10_12_100000_create_password_resets_table',1),
	(13,'2018_07_24_192126_create_dates_table',1),
	(14,'2018_07_24_193355_create_weeks_table',1),
	(15,'2018_07_24_194241_create_invalid_reasons_table',1),
	(16,'2018_07_24_196306_create_invalid_days_table',1),
	(17,'2018_07_24_198307_create_one_days_table',1),
	(18,'2018_07_24_202653_create_tasks_hours_table',1),
	(19,'2018_07_24_203358_create_tasks_table',1),
	(20,'2018_07_24_212121_create_days_to_tasks_table',1);

/*!40000 ALTER TABLE `migrations` ENABLE KEYS */;
UNLOCK TABLES;


# Export von Tabelle one_days
# ------------------------------------------------------------

DROP TABLE IF EXISTS `one_days`;

CREATE TABLE `one_days` (
  `IDoneDay` int(10) unsigned NOT NULL AUTO_INCREMENT,
  `weekID` int(10) unsigned NOT NULL,
  `date` int(10) unsigned NOT NULL,
  PRIMARY KEY (`IDoneDay`),
  KEY `one_days_weekid_foreign` (`weekID`),
  KEY `one_days_date_foreign` (`date`),
  CONSTRAINT `one_days_date_foreign` FOREIGN KEY (`date`) REFERENCES `dates` (`IDdates`),
  CONSTRAINT `one_days_weekid_foreign` FOREIGN KEY (`weekID`) REFERENCES `weeks` (`IDweeks`)
) ENGINE=InnoDB DEFAULT CHARSET=utf8mb4 COLLATE=utf8mb4_unicode_ci;

LOCK TABLES `one_days` WRITE;
/*!40000 ALTER TABLE `one_days` DISABLE KEYS */;

INSERT INTO `one_days` (`IDoneDay`, `weekID`, `date`)
VALUES
	(1,1,1),
	(2,1,2),
	(3,1,3),
	(4,1,4),
	(5,1,5),
	(6,1,6),
	(7,2,7),
	(9,2,8),
	(10,2,9),
	(11,2,10),
	(12,2,11),
	(13,2,12),
	(14,2,13),
	(15,3,14),
	(16,3,15),
	(17,3,16),
	(18,3,17),
	(19,3,18),
	(20,3,19),
	(21,3,20),
	(22,4,21),
	(23,4,22),
	(24,4,23),
	(25,4,24),
	(26,4,25),
	(27,4,26),
	(28,4,27),
	(29,5,28),
	(30,5,29),
	(31,5,30),
	(32,5,31),
	(33,5,32),
	(34,5,33),
	(35,5,34),
	(36,6,35),
	(37,6,36),
	(38,6,37),
	(39,6,38),
	(40,6,39),
	(41,6,40),
	(42,6,41),
	(43,7,42),
	(44,7,43),
	(45,7,44),
	(46,7,45),
	(47,7,46),
	(48,7,47),
	(49,7,48),
	(50,8,49),
	(51,8,50),
	(52,8,51),
	(53,8,52),
	(54,8,53),
	(55,8,54),
	(56,8,55),
	(57,9,56),
	(58,9,57),
	(59,9,58),
	(60,9,59),
	(61,9,60),
	(62,9,61),
	(63,9,62),
	(64,10,63),
	(65,10,64),
	(66,10,65),
	(67,10,66),
	(68,10,67),
	(69,10,68),
	(70,10,69),
	(71,11,70),
	(72,11,71),
	(73,11,72),
	(74,11,73),
	(75,11,74),
	(76,11,75),
	(77,11,76),
	(78,12,77),
	(79,12,78),
	(80,12,79),
	(81,12,80),
	(82,12,81),
	(83,12,82),
	(84,12,83),
	(85,13,84),
	(86,13,85),
	(87,13,86),
	(88,13,87),
	(89,13,88),
	(90,13,89),
	(91,13,90),
	(92,14,91),
	(94,14,93),
	(95,14,94),
	(96,14,95),
	(97,14,96),
	(98,14,97),
	(99,15,98),
	(100,15,99),
	(101,15,100),
	(102,15,101),
	(103,15,102),
	(104,15,103),
	(105,15,104),
	(106,16,105),
	(107,16,106),
	(108,16,107),
	(109,16,108),
	(110,16,109),
	(111,16,110),
	(112,16,111),
	(113,17,112),
	(114,17,113),
	(115,17,114),
	(116,17,115),
	(117,17,116),
	(118,17,117),
	(119,17,118),
	(120,18,119),
	(121,18,120),
	(122,18,121),
	(123,18,122),
	(124,18,123),
	(125,18,124),
	(126,18,125),
	(127,19,126),
	(128,19,127),
	(129,19,128),
	(130,19,129),
	(131,19,130),
	(132,19,131),
	(133,19,132),
	(134,20,133),
	(135,20,134),
	(136,20,135),
	(137,20,136),
	(138,20,137),
	(139,20,138),
	(140,20,139),
	(141,22,144),
	(142,22,145),
	(143,22,146),
	(144,22,147),
	(145,22,148),
	(146,22,149),
	(147,22,150),
	(148,23,151),
	(149,23,152),
	(150,23,153),
	(151,23,154),
	(152,23,155),
	(153,23,156),
	(154,23,157),
	(155,24,158),
	(156,24,159),
	(157,24,160),
	(158,24,161),
	(159,24,162),
	(160,24,163),
	(161,24,164),
	(162,25,165),
	(163,25,166),
	(164,25,167),
	(165,25,168),
	(166,25,169),
	(167,25,170),
	(168,25,171),
	(169,26,172),
	(170,26,173),
	(171,26,174),
	(172,26,175),
	(173,26,176),
	(174,26,177),
	(175,26,178),
	(176,27,179),
	(177,27,180),
	(178,27,181),
	(179,27,182),
	(180,27,183),
	(181,27,184),
	(182,27,185),
	(183,28,186),
	(184,28,187),
	(185,28,188),
	(186,28,189),
	(187,28,190),
	(188,28,191),
	(189,28,192),
	(190,29,193),
	(191,29,194),
	(192,29,195),
	(193,29,196),
	(194,29,197),
	(195,29,198),
	(196,29,199),
	(204,30,200),
	(205,30,201),
	(206,30,202),
	(207,30,203),
	(208,30,204),
	(209,30,205),
	(210,30,206),
	(211,48,330),
	(212,48,331),
	(213,48,332),
	(214,48,333),
	(215,48,334),
	(216,48,335),
	(217,48,336),
	(218,49,337),
	(219,49,338),
	(220,49,339),
	(221,49,340),
	(222,49,341),
	(223,49,342),
	(224,49,343),
	(225,50,344),
	(226,50,345),
	(227,50,346),
	(228,50,347),
	(229,50,348),
	(230,50,349),
	(231,50,350),
	(232,51,351),
	(233,51,352),
	(234,51,353),
	(235,51,354),
	(236,51,355),
	(237,51,356),
	(238,51,357),
	(239,52,358),
	(240,52,359),
	(241,52,360),
	(242,52,361),
	(243,52,362),
	(244,52,363),
	(245,52,364),
	(246,53,365),
	(247,53,366),
	(248,53,367),
	(249,53,368),
	(250,53,369),
	(251,53,370),
	(252,53,371),
	(253,54,372),
	(254,54,373),
	(255,54,374),
	(256,54,375),
	(257,54,376),
	(258,54,377),
	(259,54,378),
	(260,55,379),
	(261,55,380),
	(262,55,381),
	(263,55,382),
	(264,55,383),
	(265,55,384),
	(266,55,385),
	(267,56,386),
	(268,56,387),
	(269,56,388),
	(270,56,389),
	(271,56,390),
	(272,56,391),
	(273,56,392),
	(274,57,393),
	(275,57,394),
	(276,57,395),
	(277,57,396),
	(278,57,397),
	(279,57,398),
	(280,57,399),
	(281,58,400),
	(282,58,401),
	(283,58,402),
	(284,58,403),
	(285,58,404),
	(286,58,405),
	(287,58,406),
	(288,59,140),
	(289,59,141),
	(290,59,142),
	(291,59,407),
	(292,59,408),
	(293,59,409),
	(294,59,410),
	(295,60,411),
	(296,60,412),
	(297,60,413),
	(298,60,414),
	(299,60,415),
	(300,60,416),
	(301,60,417),
	(302,61,418),
	(303,61,419),
	(304,61,420),
	(305,61,421),
	(306,61,422),
	(307,61,423),
	(308,61,424),
	(309,62,425),
	(310,62,426),
	(311,62,427),
	(312,62,428),
	(313,62,429),
	(314,62,430),
	(315,62,431),
	(316,63,432),
	(317,63,433),
	(318,63,434),
	(319,63,435),
	(320,63,436),
	(321,63,437),
	(322,63,438),
	(323,64,439),
	(324,64,440),
	(325,64,441),
	(326,64,442),
	(327,64,443),
	(328,64,444),
	(329,64,445),
	(330,65,446),
	(331,65,447),
	(332,65,448),
	(333,65,449),
	(334,65,450),
	(335,65,451),
	(336,65,452),
	(337,66,453),
	(338,66,454),
	(339,66,455),
	(340,66,456),
	(341,66,457),
	(342,66,458),
	(343,66,459),
	(344,67,460),
	(345,67,461),
	(346,67,462),
	(347,67,463),
	(348,67,464),
	(349,67,465),
	(350,67,466),
	(351,68,467),
	(352,68,468),
	(353,68,469),
	(354,68,470),
	(355,68,471),
	(356,68,472),
	(357,68,473),
	(358,69,474),
	(359,69,475),
	(360,69,476),
	(361,69,477),
	(362,69,478),
	(363,69,479),
	(364,69,480),
	(365,70,481),
	(366,70,482),
	(367,70,483),
	(368,70,484),
	(369,70,485),
	(370,70,486),
	(371,70,487),
	(372,71,488),
	(373,71,489),
	(374,71,490),
	(375,71,491),
	(376,71,492),
	(377,71,493),
	(378,71,494),
	(379,72,495),
	(380,72,496),
	(381,72,497),
	(382,72,498),
	(383,72,499),
	(384,72,500),
	(385,72,501),
	(386,73,502),
	(387,73,503),
	(388,73,504),
	(389,73,505),
	(390,73,506),
	(391,73,507),
	(392,73,508),
	(393,74,509),
	(394,74,510),
	(395,74,511),
	(396,74,512),
	(397,74,513),
	(398,74,514),
	(399,74,515),
	(400,75,516),
	(401,75,517),
	(402,75,518),
	(403,75,519),
	(404,75,520),
	(405,75,521),
	(406,75,522),
	(407,76,523),
	(408,76,524),
	(409,76,525),
	(410,76,526),
	(411,76,527),
	(412,76,528),
	(413,76,529),
	(414,77,530),
	(415,77,531),
	(416,77,532),
	(417,77,533),
	(418,77,534),
	(419,77,535),
	(420,77,536),
	(421,78,537),
	(422,78,538),
	(423,78,539),
	(424,78,540),
	(425,78,541),
	(426,78,542),
	(427,78,543),
	(428,79,544),
	(429,79,545),
	(430,79,546),
	(431,79,547),
	(432,79,548),
	(433,79,549),
	(434,79,550),
	(435,80,551),
	(436,80,552),
	(437,80,553),
	(438,80,554),
	(439,80,555),
	(440,80,556),
	(441,80,557),
	(442,81,558),
	(443,81,559),
	(444,81,560),
	(445,81,561),
	(446,81,562),
	(447,81,563),
	(448,81,564),
	(449,82,565),
	(450,82,566),
	(451,82,567),
	(452,82,568),
	(453,82,569),
	(454,82,570),
	(455,82,571),
	(456,83,572),
	(457,83,573),
	(458,83,574),
	(459,83,575),
	(460,83,576),
	(461,83,577),
	(462,83,578),
	(463,84,579),
	(464,84,580),
	(465,84,581),
	(466,84,582),
	(467,84,583),
	(468,84,584),
	(469,84,585),
	(470,85,586),
	(471,85,587),
	(472,85,588),
	(473,85,589),
	(474,85,590),
	(475,85,591),
	(476,85,592),
	(477,86,593),
	(478,86,594),
	(479,86,595),
	(480,86,596),
	(481,86,597),
	(482,86,598),
	(483,86,599),
	(484,87,600),
	(485,87,601),
	(486,87,602),
	(487,87,603),
	(488,87,604),
	(489,87,605),
	(490,87,606),
	(491,88,607),
	(492,88,608),
	(493,88,609),
	(494,88,610),
	(495,88,611),
	(496,88,612),
	(497,88,613),
	(498,89,614),
	(499,89,615),
	(500,89,616),
	(501,89,617),
	(502,89,618),
	(503,89,619),
	(504,89,620),
	(505,90,621),
	(506,90,622),
	(507,90,623),
	(508,90,624),
	(509,90,625),
	(510,90,626),
	(511,90,627),
	(512,91,628),
	(513,91,629),
	(514,91,630),
	(515,91,631),
	(516,91,632),
	(517,91,633),
	(518,91,634),
	(519,92,637),
	(520,92,638),
	(521,92,636),
	(522,92,639),
	(523,92,640),
	(524,92,641),
	(525,92,642),
	(526,31,207),
	(527,31,208),
	(528,31,209),
	(531,31,210),
	(532,31,211),
	(533,31,212),
	(534,31,213),
	(540,32,214),
	(541,32,215),
	(542,32,216),
	(543,32,217),
	(544,32,218),
	(545,32,219),
	(546,32,220),
	(547,33,221),
	(548,33,222),
	(549,33,223),
	(550,33,224),
	(551,33,225),
	(552,33,226),
	(553,33,227),
	(576,35,234),
	(577,35,235),
	(578,35,236),
	(579,35,237),
	(580,35,238),
	(581,35,239),
	(582,35,240),
	(583,36,241),
	(584,36,242),
	(585,36,243),
	(586,36,244),
	(587,36,245),
	(588,36,246),
	(589,36,247),
	(590,37,248),
	(591,37,249),
	(592,37,250),
	(593,37,251),
	(594,37,252),
	(595,37,253),
	(596,37,254),
	(597,38,255),
	(598,38,256),
	(599,38,257),
	(600,38,258),
	(601,38,259),
	(602,38,260),
	(603,38,261),
	(604,39,262),
	(605,39,263),
	(606,39,264),
	(607,39,265),
	(608,39,266),
	(609,39,267),
	(610,39,268),
	(611,40,269),
	(612,40,270),
	(613,40,271),
	(614,40,272),
	(615,40,273),
	(616,40,274),
	(617,40,275),
	(618,41,276),
	(619,41,277),
	(620,41,278),
	(621,41,279),
	(622,41,280),
	(623,41,281),
	(624,41,282),
	(625,42,283),
	(626,42,284),
	(627,42,285),
	(628,42,286),
	(629,42,287),
	(630,42,288),
	(631,42,289),
	(632,43,290),
	(633,43,291),
	(634,43,292),
	(635,43,293),
	(636,43,294),
	(637,43,295),
	(638,43,296),
	(639,44,297),
	(640,44,298),
	(641,44,299),
	(642,44,300),
	(643,44,301),
	(644,44,302),
	(645,44,303),
	(646,45,304),
	(647,45,305),
	(648,45,306),
	(649,45,307),
	(650,45,308),
	(651,45,309),
	(652,45,310),
	(653,46,311),
	(654,46,312),
	(655,46,313),
	(656,46,314),
	(657,46,315),
	(658,46,316),
	(659,46,317),
	(660,47,318),
	(661,47,319),
	(662,47,320),
	(663,47,321),
	(664,47,322),
	(665,47,323),
	(666,47,324),
	(676,34,228),
	(677,34,229),
	(678,34,230),
	(679,34,231),
	(680,34,143),
	(681,34,232),
	(682,34,233),
	(683,93,653),
	(684,93,654),
	(685,93,655),
	(686,93,656),
	(687,93,657),
	(688,93,658),
	(689,93,659),
	(690,94,660),
	(691,94,661),
	(692,94,662),
	(693,94,663),
	(694,94,664),
	(695,94,665),
	(696,94,666),
	(697,95,667),
	(698,95,668),
	(699,95,669),
	(700,95,670),
	(701,95,671),
	(702,95,672),
	(703,95,673),
	(704,96,674),
	(705,96,675),
	(706,96,676),
	(707,96,645),
	(708,96,677),
	(709,96,678),
	(710,96,679),
	(711,97,680),
	(712,97,681),
	(713,97,682),
	(714,97,683),
	(715,97,684),
	(716,97,685),
	(717,97,686),
	(718,98,646),
	(719,98,687),
	(720,98,688),
	(721,98,689),
	(722,98,690),
	(723,98,691),
	(724,98,692),
	(725,99,693),
	(726,99,694),
	(727,99,695),
	(728,99,696),
	(729,99,697),
	(730,99,698),
	(731,99,699),
	(732,100,705),
	(733,100,706),
	(734,100,707),
	(735,100,708),
	(736,100,709),
	(737,100,710),
	(738,100,711),
	(739,101,712),
	(740,101,713),
	(741,101,714),
	(742,101,715),
	(743,101,716),
	(744,101,717),
	(745,101,718),
	(746,102,719),
	(747,102,720),
	(748,102,721),
	(749,102,722),
	(750,102,723),
	(751,102,724),
	(752,102,725),
	(753,103,726),
	(754,103,727),
	(755,103,728),
	(756,103,729),
	(757,103,730),
	(758,103,731),
	(759,103,732),
	(760,104,733),
	(761,104,734),
	(762,104,735),
	(763,104,736),
	(764,104,737),
	(765,104,738),
	(766,104,739),
	(767,105,651),
	(768,105,652),
	(769,105,740),
	(770,105,741),
	(771,105,742),
	(772,105,743),
	(773,105,744),
	(774,106,745),
	(775,106,746),
	(776,106,747),
	(777,106,748),
	(778,106,749),
	(779,106,750),
	(780,106,751),
	(781,107,752),
	(782,107,753),
	(783,107,754),
	(784,107,755),
	(785,107,756),
	(786,107,757),
	(787,107,758),
	(788,108,759),
	(789,108,760),
	(790,108,761),
	(791,108,762),
	(792,108,763),
	(793,108,764),
	(794,108,765),
	(795,109,766),
	(796,109,767),
	(797,109,768),
	(798,109,769),
	(799,109,770),
	(800,109,771),
	(801,109,772),
	(802,110,773),
	(803,110,774),
	(804,110,775),
	(805,110,776),
	(806,110,777),
	(807,110,778),
	(808,110,779),
	(809,111,780),
	(810,111,781),
	(811,111,782),
	(812,111,783),
	(813,111,784),
	(814,111,785),
	(815,111,786),
	(816,112,787),
	(817,112,788),
	(818,112,789),
	(819,112,790),
	(820,112,791),
	(821,112,792),
	(822,112,793),
	(823,113,794),
	(824,113,795),
	(825,113,796),
	(826,113,647),
	(827,113,797),
	(828,113,798),
	(829,113,799),
	(830,114,800),
	(831,114,801),
	(832,114,802),
	(833,114,803),
	(834,114,804),
	(835,114,805),
	(836,114,806),
	(837,115,807),
	(838,115,808),
	(839,115,809),
	(840,115,810),
	(841,115,811),
	(842,115,812),
	(843,115,813),
	(844,116,814),
	(845,116,815),
	(846,116,816),
	(847,116,817),
	(848,116,818),
	(849,116,819),
	(850,116,820),
	(851,117,821),
	(852,117,822),
	(853,117,823),
	(854,117,648),
	(855,117,824),
	(856,117,825),
	(857,117,826),
	(858,118,827),
	(859,118,828),
	(860,118,829),
	(861,118,830),
	(862,118,831),
	(863,118,832),
	(864,118,833),
	(865,119,834),
	(866,119,835),
	(867,119,836),
	(868,119,837),
	(869,119,838),
	(870,119,839),
	(871,119,840),
	(872,120,841),
	(873,120,842),
	(874,120,843),
	(875,120,844),
	(876,120,845),
	(877,120,846),
	(878,120,847),
	(879,121,848),
	(880,121,849),
	(881,121,850),
	(882,121,851),
	(883,121,852),
	(884,121,853),
	(885,121,854);

/*!40000 ALTER TABLE `one_days` ENABLE KEYS */;
UNLOCK TABLES;


# Export von Tabelle password_resets
# ------------------------------------------------------------

DROP TABLE IF EXISTS `password_resets`;

CREATE TABLE `password_resets` (
  `email` varchar(191) COLLATE utf8mb4_unicode_ci NOT NULL,
  `token` varchar(191) COLLATE utf8mb4_unicode_ci NOT NULL,
  `created_at` timestamp NULL DEFAULT NULL,
  KEY `password_resets_email_index` (`email`)
) ENGINE=InnoDB DEFAULT CHARSET=utf8mb4 COLLATE=utf8mb4_unicode_ci;



# Export von Tabelle tasks
# ------------------------------------------------------------

DROP TABLE IF EXISTS `tasks`;

CREATE TABLE `tasks` (
  `IDtasks` int(10) unsigned NOT NULL AUTO_INCREMENT,
  `name` varchar(255) COLLATE utf8mb4_unicode_ci NOT NULL,
  `description` varchar(512) COLLATE utf8mb4_unicode_ci NOT NULL,
  `schoolTask` tinyint(4) NOT NULL,
  `time` int(10) unsigned NOT NULL,
  PRIMARY KEY (`IDtasks`),
  KEY `tasks_time_foreign` (`time`),
  CONSTRAINT `tasks_time_foreign` FOREIGN KEY (`time`) REFERENCES `tasks_hours` (`IDtaskHours`)
) ENGINE=InnoDB DEFAULT CHARSET=utf8mb4 COLLATE=utf8mb4_unicode_ci;

LOCK TABLES `tasks` WRITE;
/*!40000 ALTER TABLE `tasks` DISABLE KEYS */;

INSERT INTO `tasks` (`IDtasks`, `name`, `description`, `schoolTask`, `time`)
VALUES
	(1,'PHP','Template berarbeitung mit PHP',0,7),
	(2,'Wordpress','berarbeitung eines Templates fr Wordpress',0,6),
	(4,'PHP','Template berarbeitung mit PHP',0,1),
	(5,'CSS','CSS Anpassungen am Wordpressplugin',0,2),
	(6,'Gestaltung','Neugestaltung einer Unterseite',0,2),
	(7,'JavaScript','JavaScript Anpassungen',0,5),
	(8,'PHP','berprfung einer PHP Funktionalitt',0,2),
	(9,'html','html Template Umsetzung',0,4),
	(10,'Konzeption','Konzeption eines neuen Bereichs',0,3),
	(11,'Beratung','Telefonischer Support',0,1),
	(12,'Kundenmeeting','Kundenmeeting',0,2),
	(13,'Konzeption','Grafischer Entwurf in Adobe XD',0,6),
	(14,'Gestaltung','Umgestaltung einer Unterseite',0,5),
	(15,'Einarbeitung','Einarbeitung in ein neues Projekt',0,5),
	(16,'Farbkonzept','Erstellung eines neuen Farbkonzepts',0,2),
	(17,'Beratung','Kundengesprch',0,2),
	(18,'JavaScript','berprfung einer JavaScript Funktionalitt',0,8),
	(19,'PHP','Fehlerkorrektur in PHP',0,3),
	(20,'Dokumentation','Erweiterung einer Dokumentation',0,5),
	(21,'html','HTML Anpassungen',0,5),
	(22,'Backup','Aufsetzten eines Backups',0,1),
	(23,'Redaktionell','Redaktionelle Pflege von Inhalten',0,5),
	(24,'SEO','SEO Relevante Anpassungen',0,3),
	(25,'Konzeption','Konzeption einer Webseite',0,5),
	(26,'Beratung','Telefonische Beratung',0,4),
	(27,'Konzeption','Grafische Konzeption einer Webseite',0,5),
	(28,'Gestaltung','Grafischer Entwurf in Adobe XD',0,5),
	(29,'html','html Anpassungen',0,5),
	(30,'html','html Anpassungen',0,5),
	(31,'html','html Anpassungen',0,6),
	(32,'html','html Anpassungen',0,1),
	(33,'html','html Anpassungen',0,7),
	(34,'html','html Anpassungen',0,2),
	(35,'html','html Anpassungen',0,4),
	(36,'html','html Anpassungen',0,3),
	(37,'JavaScript','JavaScript Anpassungen',0,5),
	(38,'JavaScript','JavaScript Anpassungen',0,6),
	(39,'JavaScript','JavaScript Anpassungen',0,1),
	(40,'JavaScript','JavaScript Anpassungen',0,7),
	(41,'JavaScript','JavaScript Anpassungen',0,2),
	(42,'JavaScript','JavaScript Anpassungen',0,3),
	(43,'JavaScript','JavaScript Anpassungen',0,4),
	(44,'Beratung','Kundengesprch',0,5),
	(45,'Beratung','Kundengesprch',0,6),
	(46,'Beratung','Telefonische Beratung',0,5),
	(47,'Erweiterung einer Dokumentation','Kundengesprch',0,5),
	(48,'Dokumentation','Erweiterung einer Dokumentation',0,6),
	(49,'Dokumentation','Erweiterung einer Dokumentation',0,1),
	(50,'Dokumentation','Erstellen einer Kundendokumentation',0,2),
	(51,'SEO','SEO Relevante Anpassungen',0,5),
	(52,'SEO','SEO Relevante Anpassungen',0,6),
	(53,'SEO','SEO Relevante Anpassungen',0,7),
	(54,'SEO','SEO Relevante Anpassungen',0,1),
	(55,'SEO','SEO Relevante Anpassungen',0,3),
	(56,'SEO','SEO Relevante Anpassungen',0,4),
	(57,'CSS','CSS Anpassungen',0,5),
	(58,'CSS','CSS Anpassungen',0,6),
	(59,'CSS','CSS Anpassungen',0,1),
	(60,'CSS','CSS Anpassungen',0,7),
	(61,'CSS','CSS Anpassungen',0,8),
	(62,'CSS','CSS Anpassungen',0,2),
	(63,'CSS','CSS Anpassungen',0,3),
	(64,'CSS','CSS Anpassungen',0,4),
	(65,'CSS','CSS Anpassungen',0,5),
	(66,'CSS','CSS Anpassungen',0,5),
	(67,'CSS','CSS Anpassungen',0,5),
	(68,'PHP','berprfung einer PHP Funktionalitt',0,5),
	(69,'PHP','berprfung einer PHP Funktionalitt',0,1),
	(70,'PHP','PHP Fehlerkorrektur',0,7),
	(71,'Konzeption','Grafische Konzeption',0,5),
	(72,'Konzeption','Grafische Konzeption',0,6),
	(73,'Konzeption','Grafische Konzeption',0,1),
	(74,'Konzeption','Grafische Konzeption',0,2),
	(75,'Konzeption','Grafische Konzeption',0,3),
	(76,'Konzeption','Grafische Konzeption',0,4),
	(77,'Redaktionell','Redaktionelle Pflege von Inhalten',0,5),
	(78,'Redaktionell','Redaktionelle Pflege von Inhalten',0,6),
	(79,'Redaktionell','Redaktionelle Pflege von Inhalten',0,1),
	(80,'Redaktionell','Redaktionelle Pflege von Inhalten',0,7),
	(81,'Redaktionell','Redaktionelle Pflege von Inhalten',0,3),
	(82,'Redaktionell','Redaktionelle Pflege von Inhalten',0,4),
	(83,'Redaktionell','Redaktionelle Pflege von Inhalten',0,2),
	(84,'Redaktionell','Redaktionelle Pflege von Inhalten',0,2),
	(85,'Anpassungen','Anpassung einer Webseit',0,5),
	(86,'Anpassungen','Anpassung einer Webseit',0,5),
	(87,'Anpassungen','Anpassung einer Webseit',0,5),
	(88,'Anpassungen','Anpassung einer Webseit',0,5),
	(89,'Intern','Interne Organisation',0,6),
	(90,'Intern','Interes Meeting',0,1),
	(91,'Intern','Interne Organisation',0,5),
	(92,'Intern','Internes Meeting',0,1),
	(93,'Berichtsheft','Arbeit am Berichtsheft',0,5),
	(94,'Berichtsheft','Arbeit am Berichtsheft',0,6),
	(95,'Berichtsheft','Arbeit am Berichtsheft',0,1),
	(96,'Berichtsheft','Arbeit am Berichtsheft',0,5),
	(97,'Berichtsheft','Arbeit am Berichtsheft',0,6),
	(98,'Einarbeitung','Projekteinarbeitung',0,5),
	(99,'Einarbeitung','Projekteinarbeitung',0,2),
	(100,'Einarbeitung','Projekteinarbeitung',0,3),
	(101,'Einarbeitung','Projekteinarbeitung',0,4),
	(102,'Einarbeitung','Projekteinarbeitung',0,5),
	(103,'Einarbeitung','Projekteinarbeitung',0,4),
	(104,'Einarbeitung','Projekteinarbeitung',0,2),
	(105,'Einarbeitung','Projekteinarbeitung',0,5),
	(106,'Einarbeitung','Projekteinarbeitung',0,6),
	(107,'Einarbeitung','Projekteinarbeitung',0,5),
	(108,'Einarbeitung','Projekteinarbeitung',0,1),
	(109,'Einarbeitung','Projekteinarbeitung',0,1),
	(110,'Einarbeitung','Projekteinarbeitung',0,7),
	(111,'PHP','PHP Anpassungen',0,7),
	(112,'PHP','PHP Anpassungen',0,7),
	(113,'PHP','PHP Anpassungen',0,3),
	(114,'PHP','PHP Anpassungen',0,7),
	(115,'PHP','PHP Anpassungen',0,4),
	(116,'Anpassungen','Fehlerkorrektur',0,5),
	(117,'Anpassungen','Fehlerkorrektur',0,6),
	(118,'Anpassungen','Fehlerkorrektur',0,1),
	(119,'Anpassungen','Fehlerkorrektur',0,7),
	(120,'Anpassungen','Fehlerkorrektur',0,8),
	(121,'Anpassungen','Fehlerkorrektur',0,2),
	(122,'Anpassungen','Fehlerkorrektur',0,3),
	(123,'Anpassungen','Fehlerkorrektur',0,4),
	(124,'Anpassungen','Fehlerkorrektur',0,2),
	(125,'Anpassungen','Fehlerkorrektur',0,3),
	(126,'Anpassungen','Fehlerkorrektur',0,4),
	(127,'Wordpress','Wordpress Plugin Installation',0,5),
	(128,'Wordpress','Wordpress Plugin Installation',0,5),
	(129,'Wordpress','Wordpress Plugin Installation',0,6),
	(130,'Wordpress','Wordpress Plugin Installation',0,1),
	(131,'Wordpress','Wordpress Plugin Installation',0,7),
	(132,'Wordpress','Wordpress Plugin Installation',0,7),
	(133,'Wordpress','Wordpress Plugin Installation',0,7),
	(134,'Wordpress','Wordpress Theme Anpassungen',0,5),
	(135,'Wordpress','Wordpress Theme Anpassungen',0,1),
	(136,'Wordpress','Wordpress Theme Anpassungen',0,7),
	(137,'Wordpress','Wordpress Theme Anpassungen',0,8),
	(138,'Wordpress','Wordpress Theme Anpassungen',0,2),
	(139,'Wordpress','Wordpress Theme Anpassungen',0,5),
	(140,'Wordpress','Wordpress Theme Anpassungen',0,7),
	(141,'Wordpress','Wordpress Theme Anpassungen',0,8),
	(142,'Wordpress','Wordpress Theme Anpassungen',0,2),
	(143,'Wordpress','Wordpress Theme Anpassungen',0,5),
	(144,'JavaScript','JavaScript Fehlerkorrektur',0,2),
	(145,'CSS','Responsive Einstellungen per CSS',0,5),
	(146,'CSS','Responsive Einstellungen per CSS',0,6),
	(147,'CSS','Responsive Einstellungen per CSS',0,1),
	(148,'CSS','Responsive Einstellungen per CSS',0,7),
	(149,'CSS','Responsive Einstellungen per CSS',0,8),
	(150,'CSS','Responsive Einstellungen per CSS',0,2),
	(151,'CSS','Responsive Einstellungen per CSS',0,3),
	(152,'CSS','Responsive Einstellungen per CSS',0,4),
	(153,'PHP','Konzeption eines PHP Scripts',0,5),
	(154,'PHP','Konzeption eines PHP Scripts',0,6),
	(155,'PHP','Konzeption eines PHP Scripts',0,7),
	(156,'PHP','Konzeption eines PHP Scripts',0,8),
	(157,'PHP','Konzeption eines PHP Scripts',0,5),
	(158,'PHP','Konzeption eines PHP Scripts',0,7),
	(159,'CSS nderungen','CSS nderungen',0,1),
	(160,'Kundengesprch','Kundengesprch',0,7),
	(161,'Konzeption','Konzeption',0,5),
	(162,'CSS nderungen','CSS nderungen',0,2),
	(163,'Schule','Schule',1,6),
	(164,'Schultag','Schultag',1,6),
	(165,'Schule','Schule',1,1),
	(166,'Lernfeld','Lernfeld',1,6),
	(167,'Schule','Schule',1,2),
	(168,'Lernfeld 5','Lernfeld 5',1,6),
	(169,'Lernfeld 2','Lernfeld 2',1,6),
	(170,'Lernfeld 3','Lernfeld 3',1,6),
	(171,'Lernfeld 4','Lernfeld 4',1,6),
	(172,'Medien und ihre Einschrnkungen','Medien und ihre Einschrnkungen',1,6),
	(173,'LF1: Medien und ihre Einschrnkungen','LF1: Medien und ihre Einschrnkungen',1,6),
	(174,'LF5: Grundlagen von HTML','LF5: Grundlagen von HTML',1,6),
	(175,'LF4: Dezimal in Binr','LF4: Dezimal in Binr',1,6),
	(176,'PO: Der Ausbildungsvertrag','PO: Der Ausbildungsvertrag',1,6),
	(177,'ENG: Gesprch','ENG: Gesprch',1,6),
	(178,'LF2: Flyergestaltung zum Projekt Hackathon','LF2: Flyergestaltung zum Projekt Hackathon',1,6),
	(179,'LF3: Vorstellung der Referate','LF3: Vorstellung der Referate',1,6),
	(180,'DE: Flyergestaltung zum Projekt Hackathon','DE: Flyergestaltung zum Projekt Hackathon',1,6),
	(181,'LF4: Server und Ordnerstrukturen','LF4: Server und Ordnerstrukturen',1,6),
	(182,'ENG: Listening','ENG: Listening',1,6),
	(183,'LF5: Bilder in HTML einfgen','LF5: Bilder in HTML einfgen',1,6),
	(184,'LF3: Klassische Druckverfahren','LF3: Klassische Druckverfahren',1,6),
	(185,'DE: Arten der Kommunikation','DE: Arten der Kommunikation',1,6),
	(186,'PO: Ausbildungsinhalte','PO: Ausbildungsinhalte',1,6),
	(187,'ENG: Aufbau einer E-Mail','ENG: Aufbau einer E-Mail',1,6),
	(188,'Neuer Aufgabe','Neuer Aufgabe',1,6),
	(189,'LF3: Klassische Druckverfahren im Vergleich','LF3: Klassische Druckverfahren im Vergleich',1,6),
	(190,'LF5: Einfhrung in CSS','LF5: Einfhrung in CSS',1,6),
	(191,'LF4: Dezimal in Binr umrechnen','LF4: Dezimal in Binr umrechnen',1,6),
	(192,'PO: Ausbildungsinhalte und Gesetze','PO: Ausbildungsinhalte und Gesetze',1,6),
	(193,'ENG: Stellenanzeige bersetzt','ENG: Stellenanzeige bersetzt',1,7),
	(194,'LF5: Extern CSS einbinden','LF5: Extern CSS einbinden',1,6),
	(195,'LF3: Herstellung von Papier','LF3: Herstellung von Papier',1,6),
	(196,'LF4: Hexadezimal in Dezimal umrechnen','LF4: Hexadezimal in Dezimal umrechnen',1,6),
	(197,'LF5 Jahresabschluss','LF5 Jahresabschluss',1,6),
	(198,'Besuch der Lumix','Besuch der Lumix',1,2),
	(199,'Jahresabschluss','Jahresabschluss',1,4),
	(200,'LF9 Logoarten','LF9 Logoarten',1,6),
	(201,'LF6 Histogramme','LF6 Histogramme',1,6),
	(202,'LF7 Datenbanken','LF7 Datenbanken',1,6),
	(203,'Politik Referate Marktarten','Politik Referate Marktarten',1,6),
	(204,'LF9 Kostenzuordnung (wdh)','LF9 Kostenzuordnung (wdh)',1,6),
	(205,'LF6 Histogramm','LF6 Histogramm',1,6),
	(206,'LF7 2','LF7 2',1,6),
	(207,'LF9: Logoarten','LF9: Logoarten',1,6),
	(208,'LF6: Histogramm','LF6: Histogramm',1,6),
	(209,'LF7: Einfhrung un Datenbanken','LF7: Einfhrung un Datenbanken',1,6),
	(210,'Politik Referate','Politik Referate',1,6),
	(211,'LF9 Logos','LF9 Logos',1,6),
	(212,'LF6 Besprechung der Klausur','LF6 Besprechung der Klausur',1,6),
	(213,'LF7 Vorstellung der Filmprojekte','LF7 Vorstellung der Filmprojekte',1,6),
	(214,'LF9: Besprechung der erstellten Piktogramme','LF9: Besprechung der erstellten Piktogramme',1,6),
	(215,'Politik: Marktarten','Politik: Marktarten',1,6),
	(216,'LF6: Klausur','LF6: Klausur',1,6),
	(217,'LF7: Umsetzung eines eigenen Filmprojekts','LF7: Umsetzung eines eigenen Filmprojekts',1,6),
	(218,'LF9: Prsentation Piktogramme','LF9: Prsentation Piktogramme',1,6),
	(219,'LF7: Filmeinstellungen','LF7: Filmeinstellungen',1,6),
	(220,'LF6: Blende, Belichtung, Iso','LF6: Blende, Belichtung, Iso',1,6),
	(221,'LF9: Piktogramme gestalten','LF9: Piktogramme gestalten',1,6),
	(222,'LF6: Bildbearbeitung','LF6: Bildbearbeitung',1,6),
	(223,'Politik: Marktwirtschaft','Politik: Marktwirtschaft',1,6),
	(224,'LF7 Filmeinstellungen','LF7 Filmeinstellungen',1,6),
	(225,'Politik Marktarten','Politik Marktarten',1,6),
	(226,'LF9 Piktogramme gestalten','LF9 Piktogramme gestalten',1,6),
	(227,'LF7 PDF Export','LF7 PDF Export',1,6),
	(228,'Politik','Politik',1,6),
	(229,'LF6 Kameratechnik','LF6 Kameratechnik',1,6),
	(230,'Politik Marktwirtschaft','Politik Marktwirtschaft',1,6),
	(231,'LF7 PDF Versionen','LF7 PDF Versionen',1,6),
	(232,'Politk Freihandelsabkommen','Politk Freihandelsabkommen',1,6),
	(233,'LF9 Piktogramme','LF9 Piktogramme',1,6),
	(234,'LF7: PDF Versionen','LF7: PDF Versionen',1,6),
	(235,'Politik Freihandelsabkommen','Politik Freihandelsabkommen',1,6),
	(236,'LF9 Pikgtogramme','LF9 Pikgtogramme',1,6),
	(237,'LF6 Gestaltungsmittel','LF6 Gestaltungsmittel',1,6),
	(238,'LF7 Belichterauflsung','LF7 Belichterauflsung',1,6),
	(239,'LF6 Gestaltungenmittel','LF6 Gestaltungenmittel',1,6),
	(240,'LF9 Kriterien Piktogramm','LF9 Kriterien Piktogramm',0,6),
	(241,'LF6 Bildkomposition','LF6 Bildkomposition',0,6),
	(242,'Politik Klausur','Politik Klausur',0,6),
	(243,'LF9 Klausur','LF9 Klausur',1,6),
	(244,'LF 7 Belichterauflsung','LF 7 Belichterauflsung',1,6),
	(245,'LF6 Bildinterpretation','LF6 Bildinterpretation',1,6),
	(246,'Politik Betriebsrat','Politik Betriebsrat',1,6),
	(247,'LF9 Otl Aicher','LF9 Otl Aicher',1,6),
	(248,'Politik','Politik',1,7),
	(249,'LF7 Scannerauflsung','LF7 Scannerauflsung',1,6),
	(250,'Politik Gewerkschaften','Politik Gewerkschaften',1,6),
	(251,'Politik Ausbildungsvertrag','Politik Ausbildungsvertrag',1,6),
	(252,'LF9 Logo und Signet','LF9 Logo und Signet',1,6),
	(253,'LF7 Reinzeichnung','LF7 Reinzeichnung',1,6),
	(254,'LF6 Was ist ein gutes Bild','LF6 Was ist ein gutes Bild',1,6),
	(255,'LF7 Bildformate','LF7 Bildformate',1,6),
	(256,'LF9 Was sind Zeichen','LF9 Was sind Zeichen',1,6),
	(257,'LF7 Dateiformate','LF7 Dateiformate',1,6),
	(258,'Politik Schuldordnung','Politik Schuldordnung',1,6),
	(259,'LF9 Einfrhung','LF9 Einfrhung',1,6),
	(260,'LF7 Einfhrung','LF7 Einfhrung',1,6),
	(261,'LF6 Einfrhung','LF6 Einfrhung',1,6),
	(262,'Politik Einfrhung','Politik Einfrhung',1,6),
	(263,'Schule Jahresabschluss','Schule Jahresabschluss',1,4),
	(264,'Jahresabschluss','Jahresabschluss',1,6),
	(265,'LF1 Kosten- und Leistungsrechnung','LF1 Kosten- und Leistungsrechnung',1,6),
	(266,'Politik Socialversicherungen','Politik Socialversicherungen',1,6),
	(267,'Englisch Aufgaben erstellt','Englisch Aufgaben erstellt',1,6),
	(268,'LF4 Arbeitsplatzkonfiguration','LF4 Arbeitsplatzkonfiguration',1,6),
	(269,'LF 5 Einfhrung in Wordpress','LF 5 Einfhrung in Wordpress',1,6),
	(270,'LF 2 Mikrotypografie','LF 2 Mikrotypografie',1,6),
	(271,'LF3 Kurzreferate','LF3 Kurzreferate',1,6),
	(272,'Deutsch Kommunikation','Deutsch Kommunikation',1,6),
	(273,'LF1 Kosten und Leistungsrechnung','LF1 Kosten und Leistungsrechnung',1,6),
	(274,'Politik Socialversicherungen','Politik Socialversicherungen',1,7),
	(275,'LF5: Evaluation und Noten besprochen','LF5: Evaluation und Noten besprochen',1,6),
	(276,'LF2: Mikrotypografie','LF2: Mikrotypografie',1,6),
	(277,'LF3: Kurzreferate','LF3: Kurzreferate',1,7),
	(278,'LF1: Kosten- und Leistungsrechnung','LF1: Kosten- und Leistungsrechnung',1,6),
	(279,'Englisch Diskussion','Englisch Diskussion',1,6),
	(280,'LF2: Typografie: Vorstellung von Schriftarten','LF2: Typografie: Vorstellung von Schriftarten',1,6),
	(281,'LF3 Klausur','LF3 Klausur',1,6),
	(282,'Deutsch Arten der Kommunikation','Deutsch Arten der Kommunikation',1,6),
	(283,'ENG: Arbeit besprochen','ENG: Arbeit besprochen',1,6),
	(284,'PO: Referat gehalten','PO: Referat gehalten',1,6),
	(285,'LF4: Arbeitsplatzkonfigurationen','LF4: Arbeitsplatzkonfigurationen',1,6),
	(286,'PO: Referate','PO: Referate',1,6),
	(287,'LF3: Druckveredelung','LF3: Druckveredelung',1,6),
	(288,'DE: Klausur','DE: Klausur',1,6),
	(289,'LF1: Kommunikationsmodelle','LF1: Kommunikationsmodelle',1,6),
	(290,'Pol: an den Referaten gearbeitet','Pol: an den Referaten gearbeitet',1,6),
	(291,'Eng: Diskussion','Eng: Diskussion',1,6),
	(292,'LF4: Klausur geschrieben','LF4: Klausur geschrieben',1,6),
	(293,'PO: an den Referaten gearbeitet','PO: an den Referaten gearbeitet',1,6),
	(294,'LF4: Netzwerktopologien','LF4: Netzwerktopologien',1,6),
	(295,'LF5: Umsetzung des Skyloft Screendesigns in HTML und CSS','LF5: Umsetzung des Skyloft Screendesigns in HTML und CSS',1,6),
	(296,'LF3: DIN-Formate','LF3: DIN-Formate',1,6),
	(297,'LF4: UTF-8, Codes','LF4: UTF-8, Codes',1,6),
	(298,'LF3: Papiere, Laufrichtung, Dehnrichtung','LF3: Papiere, Laufrichtung, Dehnrichtung',1,6),
	(299,'LF1: Kommunikations Modelle','LF1: Kommunikations Modelle',1,6),
	(300,'ENG: Test','ENG: Test',1,6),
	(301,'PO: An Referaten gearbeitet','PO: An Referaten gearbeitet',1,6),
	(302,'Wordpress Theme Anpassungen','Wordpress Theme Anpassungen',1,6),
	(303,'ENG: Test geschrieben','ENG: Test geschrieben',1,6),
	(304,'LF5: Umsetzung des Skyloft Screendesigns in HTML und CSS','LF5: Umsetzung des Skyloft Screendesigns in HTML und CSS',1,7),
	(305,'LF2: Typografie','LF2: Typografie',1,6),
	(306,'LF1: Content Marketing','LF1: Content Marketing',1,6),
	(307,'LF4: Ascii, Ansi, UTF-8 etc.','LF4: Ascii, Ansi, UTF-8 etc.',1,6),
	(308,'ENG: Mediation','ENG: Mediation',1,6),
	(309,'LF2: Mikro Typografie','LF2: Mikro Typografie',1,6),
	(310,'LF1: Sinus Millieus','LF1: Sinus Millieus',1,6),
	(311,'PO: Klausur','PO: Klausur',1,6),
	(312,'LF4: Dezimal in Hexadezimal umrechnen','LF4: Dezimal in Hexadezimal umrechnen',1,6),
	(313,'LF5: CSS Borderbox-Modelle','LF5: CSS Borderbox-Modelle',1,6),
	(314,'LF3: Die Geschichte der Herstellung von Papier','LF3: Die Geschichte der Herstellung von Papier',1,6),
	(315,'LF2: Besprechung des Hackathon-Flyers','LF2: Besprechung des Hackathon-Flyers',1,6),
	(316,'LF9 Logofamilien','LF9 Logofamilien',1,6),
	(317,'LF6 Bildrecht','LF6 Bildrecht',1,6),
	(318,'LF7 XML','LF7 XML',1,6),
	(319,'Politik Widerrufsrecht','Politik Widerrufsrecht',1,6),
	(320,'LF9 Logogestaltung','LF9 Logogestaltung',0,6),
	(321,'LF7 XML und Indesign','LF7 XML und Indesign',1,6),
	(322,'Politik Wiederrufsrecht','Politik Wiederrufsrecht',1,6),
	(323,'LF6 Composing','LF6 Composing',1,6),
	(324,'LF9 Corporate Design','LF9 Corporate Design',1,6),
	(325,'Berufsschule Ideenexpo','Berufsschule Ideenexpo',1,6),
	(326,'Abschluss','Abschluss',1,6),
	(327,'Berufsschule Abschluss','Berufsschule Abschluss',1,4);

/*!40000 ALTER TABLE `tasks` ENABLE KEYS */;
UNLOCK TABLES;


# Export von Tabelle tasks_hours
# ------------------------------------------------------------

DROP TABLE IF EXISTS `tasks_hours`;

CREATE TABLE `tasks_hours` (
  `IDtaskHours` int(10) unsigned NOT NULL AUTO_INCREMENT,
  `hour` int(11) NOT NULL,
  PRIMARY KEY (`IDtaskHours`)
) ENGINE=InnoDB DEFAULT CHARSET=utf8mb4 COLLATE=utf8mb4_unicode_ci;

LOCK TABLES `tasks_hours` WRITE;
/*!40000 ALTER TABLE `tasks_hours` DISABLE KEYS */;

INSERT INTO `tasks_hours` (`IDtaskHours`, `hour`)
VALUES
	(1,3),
	(2,6),
	(3,7),
	(4,8),
	(5,1),
	(6,2),
	(7,4),
	(8,5);

/*!40000 ALTER TABLE `tasks_hours` ENABLE KEYS */;
UNLOCK TABLES;


# Export von Tabelle users
# ------------------------------------------------------------

DROP TABLE IF EXISTS `users`;

CREATE TABLE `users` (
  `id` int(10) unsigned NOT NULL AUTO_INCREMENT,
  `name` varchar(191) COLLATE utf8mb4_unicode_ci NOT NULL,
  `email` varchar(191) COLLATE utf8mb4_unicode_ci NOT NULL,
  `password` varchar(191) COLLATE utf8mb4_unicode_ci NOT NULL,
  `remember_token` varchar(100) COLLATE utf8mb4_unicode_ci DEFAULT NULL,
  `created_at` timestamp NULL DEFAULT NULL,
  `updated_at` timestamp NULL DEFAULT NULL,
  PRIMARY KEY (`id`),
  UNIQUE KEY `users_email_unique` (`email`)
) ENGINE=InnoDB DEFAULT CHARSET=utf8mb4 COLLATE=utf8mb4_unicode_ci;



# Export von Tabelle weeks
# ------------------------------------------------------------

DROP TABLE IF EXISTS `weeks`;

CREATE TABLE `weeks` (
  `IDweeks` int(10) unsigned NOT NULL AUTO_INCREMENT,
  `startDate` int(10) unsigned NOT NULL,
  `endDate` int(10) unsigned NOT NULL,
  `schoolDate` varchar(191) COLLATE utf8mb4_unicode_ci DEFAULT NULL,
  `schoolDayName` varchar(191) COLLATE utf8mb4_unicode_ci DEFAULT NULL,
  `workingDays` int(11) NOT NULL,
  `trainingYear` int(11) NOT NULL,
  PRIMARY KEY (`IDweeks`),
  UNIQUE KEY `weeks_startdate_unique` (`startDate`),
  UNIQUE KEY `weeks_enddate_unique` (`endDate`),
  CONSTRAINT `weeks_enddate_foreign` FOREIGN KEY (`endDate`) REFERENCES `dates` (`IDdates`),
  CONSTRAINT `weeks_startdate_foreign` FOREIGN KEY (`startDate`) REFERENCES `dates` (`IDdates`)
) ENGINE=InnoDB DEFAULT CHARSET=utf8mb4 COLLATE=utf8mb4_unicode_ci;

LOCK TABLES `weeks` WRITE;
/*!40000 ALTER TABLE `weeks` DISABLE KEYS */;

INSERT INTO `weeks` (`IDweeks`, `startDate`, `endDate`, `schoolDate`, `schoolDayName`, `workingDays`, `trainingYear`)
VALUES
	(1,1,6,'3','Donnerstag',6,1),
	(2,7,13,'10','Donnerstag',6,1),
	(3,14,20,'17','Donnerstag',6,1),
	(4,21,27,'24','Donnerstag',6,1),
	(5,28,34,'31','Donnerstag',6,1),
	(6,35,41,'38','Donnerstag',6,1),
	(7,42,48,'45','Donnerstag',6,1),
	(8,49,55,'52','Donnerstag',6,1),
	(9,56,62,'59','Donnerstag',6,1),
	(10,63,69,'66','Donnerstag',6,1),
	(11,70,76,'73','Donnerstag',6,1),
	(12,77,83,'80','Donnerstag',6,1),
	(13,84,90,'87','Donnerstag',6,1),
	(14,91,97,'94','Donnerstag',6,1),
	(15,98,104,'101','Donnerstag',6,1),
	(16,105,111,'108','Donnerstag',6,1),
	(17,112,118,'115','Donnerstag',6,1),
	(18,119,125,'122','Donnerstag',6,1),
	(19,126,132,'129','Donnerstag',6,1),
	(20,133,139,'136','Donnerstag',6,1),
	(22,144,150,'147','Donnerstag',6,1),
	(23,151,157,'154','Donnerstag',6,1),
	(24,158,164,'161','Donnerstag',6,1),
	(25,165,171,'168','Donnerstag',6,1),
	(26,172,178,'175','Donnerstag',6,1),
	(27,179,185,'182','Donnerstag',6,1),
	(28,186,192,'189','Donnerstag',6,1),
	(29,193,199,'195,196','Mittwoch,Donnerstag',5,1),
	(30,200,206,'202,203','Mittwoch,Donnerstag',5,1),
	(31,207,213,'209,210','Mittwoch,Donnerstag',5,1),
	(32,214,220,'216,217','Mittwoch,Donnerstag',5,1),
	(33,221,227,'223,224','Mittwoch,Donnerstag',5,1),
	(34,228,233,'230,231','Mittwoch,Donnerstag',5,1),
	(35,234,240,'236,237','Mittwoch,Donnerstag',5,1),
	(36,241,247,'243,244','Mittwoch,Donnerstag',5,1),
	(37,248,254,'250,251','Mittwoch,Donnerstag',5,1),
	(38,255,261,'257,258','Mittwoch,Donnerstag',5,1),
	(39,262,268,'264,265','Mittwoch,Donnerstag',5,1),
	(40,269,275,'271,272','Mittwoch,Donnerstag',5,1),
	(41,276,282,'278,279','Mittwoch,Donnerstag',5,1),
	(42,283,289,'285,286','Mittwoch,Donnerstag',5,1),
	(43,290,296,'292,293','Mittwoch,Donnerstag',5,1),
	(44,297,303,'299,300','Mittwoch,Donnerstag',5,1),
	(45,304,310,'306,307','Mittwoch,Donnerstag',5,1),
	(46,311,317,'313,314','Mittwoch,Donnerstag',5,1),
	(47,318,324,'320,321','Mittwoch,Donnerstag',5,1),
	(48,330,336,NULL,NULL,7,1),
	(49,337,343,NULL,NULL,7,1),
	(50,344,350,NULL,NULL,7,1),
	(51,351,357,NULL,NULL,7,1),
	(52,358,364,NULL,NULL,7,1),
	(53,365,371,NULL,NULL,7,1),
	(54,372,378,NULL,NULL,7,1),
	(55,379,385,'382','Donnerstag',6,2),
	(56,386,392,'389','Donnerstag',6,2),
	(57,393,399,'396','Donnerstag',6,2),
	(58,400,406,'403','Donnerstag',6,2),
	(59,140,410,'407','Donnerstag',6,2),
	(60,411,417,'414','Donnerstag',6,2),
	(61,418,424,'421','Donnerstag',6,2),
	(62,425,431,'428','Donnerstag',6,2),
	(63,432,438,'435','Donnerstag',6,2),
	(64,439,445,'442','Donnerstag',6,2),
	(65,446,452,'449','Donnerstag',6,2),
	(66,453,459,'456','Donnerstag',6,2),
	(67,460,466,'463','Donnerstag',6,2),
	(68,467,473,'470','Donnerstag',6,2),
	(69,474,480,'477','Donnerstag',6,2),
	(70,481,487,'484','Donnerstag',6,2),
	(71,488,494,'491','Donnerstag',6,2),
	(72,495,501,'498','Donnerstag',6,2),
	(73,502,508,'505','Donnerstag',6,2),
	(74,509,515,'512','Donnerstag',6,2),
	(75,516,522,'519','Donnerstag',6,2),
	(76,523,529,'526','Donnerstag',6,2),
	(77,530,536,'533','Donnerstag',6,2),
	(78,537,543,'540','Donnerstag',6,2),
	(79,544,550,'547','Donnerstag',6,2),
	(80,551,557,'554','Donnerstag',6,2),
	(81,558,564,'561','Donnerstag',6,2),
	(82,565,571,'568','Donnerstag',6,2),
	(83,572,578,'575','Donnerstag',6,2),
	(84,579,585,'582','Donnerstag',6,2),
	(85,586,592,'589','Donnerstag',6,2),
	(86,593,599,'596','Donnerstag',6,2),
	(87,600,606,'603','Donnerstag',6,2),
	(88,607,613,'610','Donnerstag',6,2),
	(89,614,620,'617','Donnerstag',6,2),
	(90,621,627,'624','Donnerstag',6,2),
	(91,628,634,'631','Donnerstag',6,2),
	(92,637,642,'639','Donnerstag',6,2),
	(93,653,659,'656','Donnerstag',6,3),
	(94,660,666,'663','Donnerstag',6,3),
	(95,667,673,'670','Donnerstag',6,3),
	(96,674,679,'645','Donnerstag',6,3),
	(97,680,686,'683','Donnerstag',6,3),
	(98,646,692,'689','Donnerstag',6,3),
	(99,693,699,'696','Donnerstag',6,3),
	(100,705,711,NULL,NULL,7,3),
	(101,712,718,NULL,NULL,7,3),
	(102,719,725,NULL,NULL,7,3),
	(103,726,732,NULL,NULL,7,3),
	(104,733,739,NULL,NULL,7,3),
	(105,651,744,'740','Mittwoch',6,3),
	(106,745,751,'747','Mittwoch',6,3),
	(107,752,758,'754','Mittwoch',6,3),
	(108,759,765,'761','Mittwoch',6,3),
	(109,766,772,'768','Mittwoch',6,3),
	(110,773,779,'775','Mittwoch',6,3),
	(111,780,786,'782','Mittwoch',6,3),
	(112,787,793,'789','Mittwoch',6,3),
	(113,794,799,'796','Mittwoch',6,3),
	(114,800,806,NULL,NULL,7,3),
	(115,807,813,NULL,NULL,7,3),
	(116,814,820,'816','Mittwoch',6,3),
	(117,821,826,'823','Mittwoch',6,3),
	(118,827,833,'829','Mittwoch',6,3),
	(119,834,840,'836','Mittwoch',6,3),
	(120,841,847,'843','Mittwoch',6,3),
	(121,848,854,'850','Mittwoch',6,3);

/*!40000 ALTER TABLE `weeks` ENABLE KEYS */;
UNLOCK TABLES;



/*!40111 SET SQL_NOTES=@OLD_SQL_NOTES */;
/*!40101 SET SQL_MODE=@OLD_SQL_MODE */;
/*!40014 SET FOREIGN_KEY_CHECKS=@OLD_FOREIGN_KEY_CHECKS */;
/*!40101 SET CHARACTER_SET_CLIENT=@OLD_CHARACTER_SET_CLIENT */;
/*!40101 SET CHARACTER_SET_RESULTS=@OLD_CHARACTER_SET_RESULTS */;
/*!40101 SET COLLATION_CONNECTION=@OLD_COLLATION_CONNECTION */;
